"Staining_condition","Marker","CV","Is_Excluded"
"BIDMC_Slide1","CD3",0.135444625924079,FALSE
"BIDMC_Slide1","CD45",0.143585763690486,FALSE
"BIDMC_Slide1","CD15",0.0621205113040011,FALSE
"BIDMC_Slide1","CD4",NA,TRUE
"BIDMC_Slide1","CD8",0.113251986565837,FALSE
"BIDMC_Slide1","CD11b",NA,TRUE
"BIDMC_Slide1","Tox/Tox2",0.066810834148997,FALSE
"BIDMC_Slide1","CD20",0.146741703061248,FALSE
"BIDMC_Slide1","CD11c",0.0263472584637444,FALSE
"BIDMC_Slide1","H3K27me3",0.147218820547393,FALSE
"BIDMC_Slide1","Ki67",0.130810573800201,FALSE
"BIDMC_Slide1","HLADRA",0.142147023139107,FALSE
"BIDMC_Slide1","pS6",0.0808935338810868,FALSE
"BIDMC_Slide1","CD68",0.126341241665619,FALSE
"BIDMC_Slide1","FOXP3",0.089174763180271,FALSE
"BIDMC_Slide1","PD1",0.0449302293648652,FALSE
"BIDMC_Slide1","Pax5",0.261335344764838,FALSE
"BIDMC_Slide1","H3K27ac",0.0674436694510237,FALSE
"BIDMC_Slide1","Granzyme B",0.0634864557058914,FALSE
"BIDMC_Slide1","CD31",0.049429021975364,FALSE
"BIDMC_Slide1","IDO1",0.0383354022159375,FALSE
"BIDMC_Slide1","CD138",0.145934995222692,FALSE
"BIDMC_Slide1","Na/KATPase",0.057955844880478,FALSE
"BIDMC_Slide1","CD45RA",0.193923262317022,FALSE
"BIDMC_Slide1","CK",0.228145493718819,FALSE
"BIDMC_Slide10","CD3",0.1503370792618,FALSE
"BIDMC_Slide10","CD45",0.173226993545061,FALSE
"BIDMC_Slide10","CD15",0.0620516882137019,FALSE
"BIDMC_Slide10","CD4",0.163951652858734,FALSE
"BIDMC_Slide10","CD8",0.0831246724869477,FALSE
"BIDMC_Slide10","CD11b",0.0736838486911616,FALSE
"BIDMC_Slide10","Tox/Tox2",0.0990407874761652,FALSE
"BIDMC_Slide10","CD20",0.109245575142202,FALSE
"BIDMC_Slide10","CD11c",0.0577699239233813,FALSE
"BIDMC_Slide10","H3K27me3",0.192011364452728,FALSE
"BIDMC_Slide10","Ki67",0.141581658073121,FALSE
"BIDMC_Slide10","HLADRA",0.152528316245499,FALSE
"BIDMC_Slide10","pS6",0.10007849481367,FALSE
"BIDMC_Slide10","CD68",0.119072524457594,FALSE
"BIDMC_Slide10","FOXP3",0.0942035080731191,FALSE
"BIDMC_Slide10","PD1",0.0868227100536551,FALSE
"BIDMC_Slide10","Pax5",0.205635354624697,FALSE
"BIDMC_Slide10","H3K27ac",0.118855202847051,FALSE
"BIDMC_Slide10","Granzyme B",0.119817866610017,FALSE
"BIDMC_Slide10","CD31",0.109087463207859,FALSE
"BIDMC_Slide10","IDO1",0.143835882447704,FALSE
"BIDMC_Slide10","CD138",0.226276720508763,FALSE
"BIDMC_Slide10","Na/KATPase",0.119884402917116,FALSE
"BIDMC_Slide10","CD45RA",0.264395514984361,FALSE
"BIDMC_Slide10","CK",0.265801586789176,FALSE
"BIDMC_Slide11","CD3",0.175484423478935,FALSE
"BIDMC_Slide11","CD45",0.150466044275361,FALSE
"BIDMC_Slide11","CD15",0.162091666297696,FALSE
"BIDMC_Slide11","CD4",0.139868817942124,FALSE
"BIDMC_Slide11","CD8",0.133162535292153,FALSE
"BIDMC_Slide11","CD11b",0.686558419824661,FALSE
"BIDMC_Slide11","Tox/Tox2",0.122875605769365,FALSE
"BIDMC_Slide11","CD20",0.146365426908118,FALSE
"BIDMC_Slide11","CD11c",0.0952323329791439,FALSE
"BIDMC_Slide11","H3K27me3",0.207043384296615,FALSE
"BIDMC_Slide11","Ki67",0.14046753676483,FALSE
"BIDMC_Slide11","HLADRA",0.152935407145068,FALSE
"BIDMC_Slide11","pS6",0.0948734498288225,FALSE
"BIDMC_Slide11","CD68",0.186540579814971,FALSE
"BIDMC_Slide11","FOXP3",0.337458089338846,FALSE
"BIDMC_Slide11","PD1",0.103910292008613,FALSE
"BIDMC_Slide11","Pax5",0.142832833056844,FALSE
"BIDMC_Slide11","H3K27ac",0.0912123322774907,FALSE
"BIDMC_Slide11","Granzyme B",0.12755704599883,FALSE
"BIDMC_Slide11","CD31",0.107845594258604,FALSE
"BIDMC_Slide11","IDO1",0.152945131850182,FALSE
"BIDMC_Slide11","CD138",0.140343060700615,FALSE
"BIDMC_Slide11","Na/KATPase",0.0974572335718677,FALSE
"BIDMC_Slide11","CD45RA",0.163516147659512,FALSE
"BIDMC_Slide11","CK",0.241702625013757,FALSE
"BIDMC_Slide12","CD3",0.113914827923295,FALSE
"BIDMC_Slide12","CD45",0.199944429501631,FALSE
"BIDMC_Slide12","CD15",0.0958584198350488,FALSE
"BIDMC_Slide12","CD4",0.283170217600321,FALSE
"BIDMC_Slide12","CD8",0.108429618275761,FALSE
"BIDMC_Slide12","CD11b",0.06916479224739,FALSE
"BIDMC_Slide12","Tox/Tox2",0.127826754996531,FALSE
"BIDMC_Slide12","CD20",0.104688216173535,FALSE
"BIDMC_Slide12","CD11c",0.105402441515788,FALSE
"BIDMC_Slide12","H3K27me3",0.237207054887598,FALSE
"BIDMC_Slide12","Ki67",0.131098486224222,FALSE
"BIDMC_Slide12","HLADRA",0.157725867780013,FALSE
"BIDMC_Slide12","pS6",0.170961661667136,FALSE
"BIDMC_Slide12","CD68",0.122346188855226,FALSE
"BIDMC_Slide12","FOXP3",0.159529778138328,FALSE
"BIDMC_Slide12","PD1",0.183802304345295,FALSE
"BIDMC_Slide12","Pax5",0.142686867553215,FALSE
"BIDMC_Slide12","H3K27ac",0.167492979984382,FALSE
"BIDMC_Slide12","Granzyme B",0.152143597809702,FALSE
"BIDMC_Slide12","CD31",0.146516831527938,FALSE
"BIDMC_Slide12","IDO1",0.212326840508122,FALSE
"BIDMC_Slide12","CD138",0.190106824582691,FALSE
"BIDMC_Slide12","Na/KATPase",0.184140617082651,FALSE
"BIDMC_Slide12","CD45RA",0.130659327570494,FALSE
"BIDMC_Slide12","CK",0.272691591427652,FALSE
"BIDMC_Slide13","CD3",0.0938727357649033,FALSE
"BIDMC_Slide13","CD45",0.110624656262707,FALSE
"BIDMC_Slide13","CD15",0.0547691726613371,FALSE
"BIDMC_Slide13","CD4",NA,TRUE
"BIDMC_Slide13","CD8",0.057590567628319,FALSE
"BIDMC_Slide13","CD11b",0.0286472370110344,FALSE
"BIDMC_Slide13","Tox/Tox2",0.0571665154899428,FALSE
"BIDMC_Slide13","CD20",0.0672761630872461,FALSE
"BIDMC_Slide13","CD11c",0.0291037858174083,FALSE
"BIDMC_Slide13","H3K27me3",0.152320243168328,FALSE
"BIDMC_Slide13","Ki67",0.0958024608206301,FALSE
"BIDMC_Slide13","HLADRA",0.117301941952572,FALSE
"BIDMC_Slide13","pS6",0.0601808609932215,FALSE
"BIDMC_Slide13","CD68",0.0624019303206615,FALSE
"BIDMC_Slide13","FOXP3",0.0188136676643741,FALSE
"BIDMC_Slide13","PD1",0.0510407566216737,FALSE
"BIDMC_Slide13","Pax5",0.150865152196995,FALSE
"BIDMC_Slide13","H3K27ac",0.0729586424519864,FALSE
"BIDMC_Slide13","Granzyme B",0.0310038925140919,FALSE
"BIDMC_Slide13","CD31",0.0719961156079172,FALSE
"BIDMC_Slide13","IDO1",0.0341408680920337,FALSE
"BIDMC_Slide13","CD138",0.122547364329752,FALSE
"BIDMC_Slide13","Na/KATPase",0.0531928951387616,FALSE
"BIDMC_Slide13","CD45RA",0.166104260151838,FALSE
"BIDMC_Slide13","CK",0.247516083588683,FALSE
"BIDMC_Slide14","CD3",0.123635996628134,FALSE
"BIDMC_Slide14","CD45",0.151192553852962,FALSE
"BIDMC_Slide14","CD15",0.0500391109867729,FALSE
"BIDMC_Slide14","CD4",0.141851996888353,FALSE
"BIDMC_Slide14","CD8",0.063674886044113,FALSE
"BIDMC_Slide14","CD11b",0.0335652823842888,FALSE
"BIDMC_Slide14","Tox/Tox2",0.0756092755373094,FALSE
"BIDMC_Slide14","CD20",0.077237189209071,FALSE
"BIDMC_Slide14","CD11c",0.0419898865490897,FALSE
"BIDMC_Slide14","H3K27me3",0.159798044797303,FALSE
"BIDMC_Slide14","Ki67",0.114981185958835,FALSE
"BIDMC_Slide14","HLADRA",0.125649652837346,FALSE
"BIDMC_Slide14","pS6",0.0849493090281472,FALSE
"BIDMC_Slide14","CD68",0.092888594075322,FALSE
"BIDMC_Slide14","FOXP3",0.0360495426850693,FALSE
"BIDMC_Slide14","PD1",0.0588361309637126,FALSE
"BIDMC_Slide14","Pax5",0.167621700156471,FALSE
"BIDMC_Slide14","H3K27ac",0.10077937383565,FALSE
"BIDMC_Slide14","Granzyme B",0.0767344389755739,FALSE
"BIDMC_Slide14","CD31",0.0896819258481022,FALSE
"BIDMC_Slide14","IDO1",0.112999387625209,FALSE
"BIDMC_Slide14","CD138",0.172996306861907,FALSE
"BIDMC_Slide14","Na/KATPase",0.106706831511315,FALSE
"BIDMC_Slide14","CD45RA",0.233342121006681,FALSE
"BIDMC_Slide14","CK",0.23870364048146,FALSE
"BIDMC_Slide15","CD3",0.0971793059716,FALSE
"BIDMC_Slide15","CD45",0.129894397455981,FALSE
"BIDMC_Slide15","CD15",0.0742339989773401,FALSE
"BIDMC_Slide15","CD4",0.121071044680338,FALSE
"BIDMC_Slide15","CD8",0.0773645153086114,FALSE
"BIDMC_Slide15","CD11b",0.0353370500679254,FALSE
"BIDMC_Slide15","Tox/Tox2",0.0927133647359205,FALSE
"BIDMC_Slide15","CD20",0.0713762000518895,FALSE
"BIDMC_Slide15","CD11c",0.0525211371070963,FALSE
"BIDMC_Slide15","H3K27me3",0.169079998314281,FALSE
"BIDMC_Slide15","Ki67",0.103064472160568,FALSE
"BIDMC_Slide15","HLADRA",0.127322003029411,FALSE
"BIDMC_Slide15","pS6",0.0805830960443706,FALSE
"BIDMC_Slide15","CD68",0.098139403489087,FALSE
"BIDMC_Slide15","FOXP3",0.040647139908604,FALSE
"BIDMC_Slide15","PD1",0.0649775632273004,FALSE
"BIDMC_Slide15","Pax5",0.11511486545009,FALSE
"BIDMC_Slide15","H3K27ac",0.0785901406884652,FALSE
"BIDMC_Slide15","Granzyme B",0.0566807441056994,FALSE
"BIDMC_Slide15","CD31",0.0830018005185368,FALSE
"BIDMC_Slide15","IDO1",0.109981128664888,FALSE
"BIDMC_Slide15","CD138",0.105705442783872,FALSE
"BIDMC_Slide15","Na/KATPase",0.0821384544467061,FALSE
"BIDMC_Slide15","CD45RA",0.133550134848772,FALSE
"BIDMC_Slide15","CK",0.22076023101541,FALSE
"BIDMC_Slide16","CD3",0.0778158128609852,FALSE
"BIDMC_Slide16","CD45",0.165134021209781,FALSE
"BIDMC_Slide16","CD15",0.0658450147780983,FALSE
"BIDMC_Slide16","CD4",0.229524766089056,FALSE
"BIDMC_Slide16","CD8",0.0682772541324577,FALSE
"BIDMC_Slide16","CD11b",0.0330720110208298,FALSE
"BIDMC_Slide16","Tox/Tox2",0.0981570305377656,FALSE
"BIDMC_Slide16","CD20",0.0761439000639039,FALSE
"BIDMC_Slide16","CD11c",0.0677586903464228,FALSE
"BIDMC_Slide16","H3K27me3",0.186094767753365,FALSE
"BIDMC_Slide16","Ki67",0.0841388094917884,FALSE
"BIDMC_Slide16","HLADRA",0.125157095003325,FALSE
"BIDMC_Slide16","pS6",0.12172194344195,FALSE
"BIDMC_Slide16","CD68",0.0846940296628302,FALSE
"BIDMC_Slide16","FOXP3",0.0736890814211342,FALSE
"BIDMC_Slide16","PD1",0.0919916690738366,FALSE
"BIDMC_Slide16","Pax5",0.109818819832427,FALSE
"BIDMC_Slide16","H3K27ac",0.112683480046569,FALSE
"BIDMC_Slide16","Granzyme B",0.0937262776044643,FALSE
"BIDMC_Slide16","CD31",0.0895768794780781,FALSE
"BIDMC_Slide16","IDO1",0.137767205529186,FALSE
"BIDMC_Slide16","CD138",0.135828413215867,FALSE
"BIDMC_Slide16","Na/KATPase",0.122650007547679,FALSE
"BIDMC_Slide16","CD45RA",0.102598028071643,FALSE
"BIDMC_Slide16","CK",0.219236199475994,FALSE
"BIDMC_Slide17","CD3",0.103183035844103,FALSE
"BIDMC_Slide17","CD45",0.112964861370328,FALSE
"BIDMC_Slide17","CD15",0.0665780773678421,FALSE
"BIDMC_Slide17","CD4",NA,TRUE
"BIDMC_Slide17","CD8",0.0696533372891606,FALSE
"BIDMC_Slide17","CD11b",0.0566416340089977,FALSE
"BIDMC_Slide17","Tox/Tox2",0.0714707620751938,FALSE
"BIDMC_Slide17","CD20",0.0827525311173573,FALSE
"BIDMC_Slide17","CD11c",0.034926951181246,FALSE
"BIDMC_Slide17","H3K27me3",0.141488580445536,FALSE
"BIDMC_Slide17","Ki67",0.114068140903628,FALSE
"BIDMC_Slide17","HLADRA",0.124006953143536,FALSE
"BIDMC_Slide17","pS6",0.0815927255505604,FALSE
"BIDMC_Slide17","CD68",0.0792427246799001,FALSE
"BIDMC_Slide17","FOXP3",0.0262175826321999,FALSE
"BIDMC_Slide17","PD1",0.0535691075633536,FALSE
"BIDMC_Slide17","Pax5",0.172911277550158,FALSE
"BIDMC_Slide17","H3K27ac",0.0633360070105121,FALSE
"BIDMC_Slide17","Granzyme B",0.037310987513004,FALSE
"BIDMC_Slide17","CD31",0.0719709333319381,FALSE
"BIDMC_Slide17","IDO1",0.0374118287767147,FALSE
"BIDMC_Slide17","CD138",0.138189720772286,FALSE
"BIDMC_Slide17","Na/KATPase",0.0616431305516425,FALSE
"BIDMC_Slide17","CD45RA",0.182894621550001,FALSE
"BIDMC_Slide17","CK",0.294969722242189,FALSE
"BIDMC_Slide18","CD3",0.135944024403622,FALSE
"BIDMC_Slide18","CD45",0.148969664380282,FALSE
"BIDMC_Slide18","CD15",0.0731254967331458,FALSE
"BIDMC_Slide18","CD4",0.118129147531746,FALSE
"BIDMC_Slide18","CD8",0.0963857586597762,FALSE
"BIDMC_Slide18","CD11b",0.0799803203476491,FALSE
"BIDMC_Slide18","Tox/Tox2",0.100978046373729,FALSE
"BIDMC_Slide18","CD20",0.103311579127918,FALSE
"BIDMC_Slide18","CD11c",0.07174972089114,FALSE
"BIDMC_Slide18","H3K27me3",0.150301350889385,FALSE
"BIDMC_Slide18","Ki67",0.147339626662918,FALSE
"BIDMC_Slide18","HLADRA",0.134756362795433,FALSE
"BIDMC_Slide18","pS6",0.103849192290156,FALSE
"BIDMC_Slide18","CD68",0.138166576494367,FALSE
"BIDMC_Slide18","FOXP3",0.0699009391871083,FALSE
"BIDMC_Slide18","PD1",0.0739857845849347,FALSE
"BIDMC_Slide18","Pax5",0.199797421453635,FALSE
"BIDMC_Slide18","H3K27ac",0.106406699503262,FALSE
"BIDMC_Slide18","Granzyme B",0.0802856297377166,FALSE
"BIDMC_Slide18","CD31",0.0972876433535489,FALSE
"BIDMC_Slide18","IDO1",0.0931368191700785,FALSE
"BIDMC_Slide18","CD138",0.184275632745889,FALSE
"BIDMC_Slide18","Na/KATPase",0.100551792727481,FALSE
"BIDMC_Slide18","CD45RA",0.219021508365208,FALSE
"BIDMC_Slide18","CK",0.288772105727868,FALSE
"BIDMC_Slide19","CD3",0.119105149832573,FALSE
"BIDMC_Slide19","CD45",0.141030281292936,FALSE
"BIDMC_Slide19","CD15",0.100727213495916,FALSE
"BIDMC_Slide19","CD4",0.118327326532129,FALSE
"BIDMC_Slide19","CD8",0.0964495831833501,FALSE
"BIDMC_Slide19","CD11b",0.0519651472909876,FALSE
"BIDMC_Slide19","Tox/Tox2",0.10043499760223,FALSE
"BIDMC_Slide19","CD20",0.0862364836732325,FALSE
"BIDMC_Slide19","CD11c",0.0758908744187515,FALSE
"BIDMC_Slide19","H3K27me3",0.183866921335459,FALSE
"BIDMC_Slide19","Ki67",0.132703144570634,FALSE
"BIDMC_Slide19","HLADRA",0.122233113880979,FALSE
"BIDMC_Slide19","pS6",0.0931619659949419,FALSE
"BIDMC_Slide19","CD68",0.111343489721819,FALSE
"BIDMC_Slide19","FOXP3",0.0625721401763834,FALSE
"BIDMC_Slide19","PD1",0.106882024899785,FALSE
"BIDMC_Slide19","Pax5",0.120326883739016,FALSE
"BIDMC_Slide19","H3K27ac",0.0864498155344563,FALSE
"BIDMC_Slide19","Granzyme B",0.0719419025813843,FALSE
"BIDMC_Slide19","CD31",0.100533996275613,FALSE
"BIDMC_Slide19","IDO1",0.108858426538621,FALSE
"BIDMC_Slide19","CD138",0.124460865643347,FALSE
"BIDMC_Slide19","Na/KATPase",0.0861027458103781,FALSE
"BIDMC_Slide19","CD45RA",0.146128071902267,FALSE
"BIDMC_Slide19","CK",0.219219919646742,FALSE
"BIDMC_Slide2","CD3",0.186483242037855,FALSE
"BIDMC_Slide2","CD45",0.180013391232188,FALSE
"BIDMC_Slide2","CD15",0.0583664261011277,FALSE
"BIDMC_Slide2","CD4",0.145649803575978,FALSE
"BIDMC_Slide2","CD8",0.0734827757817196,FALSE
"BIDMC_Slide2","CD11b",0.0608001375073608,FALSE
"BIDMC_Slide2","Tox/Tox2",0.0900669053765521,FALSE
"BIDMC_Slide2","CD20",0.100088408623989,FALSE
"BIDMC_Slide2","CD11c",0.0508352436317066,FALSE
"BIDMC_Slide2","H3K27me3",0.19916657198065,FALSE
"BIDMC_Slide2","Ki67",0.119284946137551,FALSE
"BIDMC_Slide2","HLADRA",0.146467137762582,FALSE
"BIDMC_Slide2","pS6",0.0891990094947584,FALSE
"BIDMC_Slide2","CD68",0.0952600411816799,FALSE
"BIDMC_Slide2","FOXP3",0.0782942092186201,FALSE
"BIDMC_Slide2","PD1",0.0710846686482744,FALSE
"BIDMC_Slide2","Pax5",0.20321449097893,FALSE
"BIDMC_Slide2","H3K27ac",0.109164970763367,FALSE
"BIDMC_Slide2","Granzyme B",0.091580012192663,FALSE
"BIDMC_Slide2","CD31",0.0806255430837783,FALSE
"BIDMC_Slide2","IDO1",0.097101936435838,FALSE
"BIDMC_Slide2","CD138",0.156506126418665,FALSE
"BIDMC_Slide2","Na/KATPase",0.0934795724252066,FALSE
"BIDMC_Slide2","CD45RA",0.213742368596525,FALSE
"BIDMC_Slide2","CK",0.219805063836149,FALSE
"BIDMC_Slide20","CD3",0.0938588545107866,FALSE
"BIDMC_Slide20","CD45",0.171285464786697,FALSE
"BIDMC_Slide20","CD15",0.100461421118376,FALSE
"BIDMC_Slide20","CD4",0.213303864311296,FALSE
"BIDMC_Slide20","CD8",0.111942640287553,FALSE
"BIDMC_Slide20","CD11b",0.0749389574077248,FALSE
"BIDMC_Slide20","Tox/Tox2",0.126060732494389,FALSE
"BIDMC_Slide20","CD20",0.0984553080257427,FALSE
"BIDMC_Slide20","CD11c",0.0854858652438757,FALSE
"BIDMC_Slide20","H3K27me3",0.185571745440956,FALSE
"BIDMC_Slide20","Ki67",0.109498124620928,FALSE
"BIDMC_Slide20","HLADRA",0.130494261715592,FALSE
"BIDMC_Slide20","pS6",0.132117926889724,FALSE
"BIDMC_Slide20","CD68",0.10669867339615,FALSE
"BIDMC_Slide20","FOXP3",0.075803084786541,FALSE
"BIDMC_Slide20","PD1",0.104967842808355,FALSE
"BIDMC_Slide20","Pax5",0.109025297911364,FALSE
"BIDMC_Slide20","H3K27ac",0.105579659012715,FALSE
"BIDMC_Slide20","Granzyme B",0.102579561768585,FALSE
"BIDMC_Slide20","CD31",0.0890642310291055,FALSE
"BIDMC_Slide20","IDO1",0.128587406168753,FALSE
"BIDMC_Slide20","CD138",0.134764577184949,FALSE
"BIDMC_Slide20","Na/KATPase",0.119246630322944,FALSE
"BIDMC_Slide20","CD45RA",0.111255755785162,FALSE
"BIDMC_Slide20","CK",0.218924062961899,FALSE
"BIDMC_Slide21","CD3",0.0805416916407277,FALSE
"BIDMC_Slide21","CD45",0.0954491417773239,FALSE
"BIDMC_Slide21","CD15",0.0496657131697239,FALSE
"BIDMC_Slide21","CD4",NA,TRUE
"BIDMC_Slide21","CD8",0.0518009679277268,FALSE
"BIDMC_Slide21","CD11b",0.0277394255427229,FALSE
"BIDMC_Slide21","Tox/Tox2",0.0558279459634185,FALSE
"BIDMC_Slide21","CD20",0.0586804334580887,FALSE
"BIDMC_Slide21","CD11c",0.0244848477328852,FALSE
"BIDMC_Slide21","H3K27me3",0.120216165762871,FALSE
"BIDMC_Slide21","Ki67",0.0924154313817164,FALSE
"BIDMC_Slide21","HLADRA",0.0978909216360467,FALSE
"BIDMC_Slide21","pS6",0.060536030021441,FALSE
"BIDMC_Slide21","CD68",0.0635334381833858,FALSE
"BIDMC_Slide21","FOXP3",0.0127810456852984,FALSE
"BIDMC_Slide21","PD1",0.0355940136676591,FALSE
"BIDMC_Slide21","Pax5",0.145814871101251,FALSE
"BIDMC_Slide21","H3K27ac",0.055586684863883,FALSE
"BIDMC_Slide21","Granzyme B",0.0287329418886358,FALSE
"BIDMC_Slide21","CD31",0.0628123541196861,FALSE
"BIDMC_Slide21","IDO1",0.033784518676245,FALSE
"BIDMC_Slide21","CD138",NA,TRUE
"BIDMC_Slide21","Na/KATPase",0.0527037091272239,FALSE
"BIDMC_Slide21","CD45RA",0.156751911790316,FALSE
"BIDMC_Slide21","CK",0.231230925102339,FALSE
"BIDMC_Slide22","CD3",0.0983125531882616,FALSE
"BIDMC_Slide22","CD45",0.123139963077935,FALSE
"BIDMC_Slide22","CD15",0.0457469450542942,FALSE
"BIDMC_Slide22","CD4",0.107691120023658,FALSE
"BIDMC_Slide22","CD8",0.0632521545939384,FALSE
"BIDMC_Slide22","CD11b",0.0362852813661781,FALSE
"BIDMC_Slide22","Tox/Tox2",0.0708223068136904,FALSE
"BIDMC_Slide22","CD20",0.0698286135231237,FALSE
"BIDMC_Slide22","CD11c",0.0397034188559499,FALSE
"BIDMC_Slide22","H3K27me3",0.126557326026364,FALSE
"BIDMC_Slide22","Ki67",0.107942961287085,FALSE
"BIDMC_Slide22","HLADRA",0.107582809204257,FALSE
"BIDMC_Slide22","pS6",0.0781584731771963,FALSE
"BIDMC_Slide22","CD68",0.0922622887568482,FALSE
"BIDMC_Slide22","FOXP3",0.0213331668394258,FALSE
"BIDMC_Slide22","PD1",0.0441673616376502,FALSE
"BIDMC_Slide22","Pax5",0.165110480235542,FALSE
"BIDMC_Slide22","H3K27ac",0.0870529884983119,FALSE
"BIDMC_Slide22","Granzyme B",0.0547995700633691,FALSE
"BIDMC_Slide22","CD31",0.0842603910001106,FALSE
"BIDMC_Slide22","IDO1",0.0824900353546645,FALSE
"BIDMC_Slide22","CD138",0.15039168171772,FALSE
"BIDMC_Slide22","Na/KATPase",0.0906908902652183,FALSE
"BIDMC_Slide22","CD45RA",0.197205186148343,FALSE
"BIDMC_Slide22","CK",0.257774899897313,FALSE
"BIDMC_Slide23","CD3",0.101910114045509,FALSE
"BIDMC_Slide23","CD45",0.119376849119792,FALSE
"BIDMC_Slide23","CD15",0.0853011252196739,FALSE
"BIDMC_Slide23","CD4",0.10085983421064,FALSE
"BIDMC_Slide23","CD8",0.0837500967171068,FALSE
"BIDMC_Slide23","CD11b",0.0292570826180489,FALSE
"BIDMC_Slide23","Tox/Tox2",0.083019098001345,FALSE
"BIDMC_Slide23","CD20",0.0628640034131945,FALSE
"BIDMC_Slide23","CD11c",0.0514652439005878,FALSE
"BIDMC_Slide23","H3K27me3",0.140936426599999,FALSE
"BIDMC_Slide23","Ki67",0.106131610123938,FALSE
"BIDMC_Slide23","HLADRA",0.0998101504050736,FALSE
"BIDMC_Slide23","pS6",0.0752981269219365,FALSE
"BIDMC_Slide23","CD68",0.0826132283707961,FALSE
"BIDMC_Slide23","FOXP3",0.0301864403394675,FALSE
"BIDMC_Slide23","PD1",0.0772716813819712,FALSE
"BIDMC_Slide23","Pax5",0.101635532370145,FALSE
"BIDMC_Slide23","H3K27ac",0.0740163961578135,FALSE
"BIDMC_Slide23","Granzyme B",0.0498972743902746,FALSE
"BIDMC_Slide23","CD31",0.0839349882097239,FALSE
"BIDMC_Slide23","IDO1",0.0917868483497293,FALSE
"BIDMC_Slide23","CD138",0.0939084441200808,FALSE
"BIDMC_Slide23","Na/KATPase",0.0752442981185616,FALSE
"BIDMC_Slide23","CD45RA",0.115329761730027,FALSE
"BIDMC_Slide23","CK",0.15989094448296,FALSE
"BIDMC_Slide24","CD3",0.0784311105389696,FALSE
"BIDMC_Slide24","CD45",0.148610778358088,FALSE
"BIDMC_Slide24","CD15",0.0843139127179196,FALSE
"BIDMC_Slide24","CD4",0.205048318287059,FALSE
"BIDMC_Slide24","CD8",0.0803823688889469,FALSE
"BIDMC_Slide24","CD11b",0.0578968630931608,FALSE
"BIDMC_Slide24","Tox/Tox2",0.0956828862494467,FALSE
"BIDMC_Slide24","CD20",0.0677620796249346,FALSE
"BIDMC_Slide24","CD11c",0.0604882504092966,FALSE
"BIDMC_Slide24","H3K27me3",0.172108763039567,FALSE
"BIDMC_Slide24","Ki67",0.0903973614335397,FALSE
"BIDMC_Slide24","HLADRA",0.10931912909754,FALSE
"BIDMC_Slide24","pS6",0.107562116358617,FALSE
"BIDMC_Slide24","CD68",0.0745999002684475,FALSE
"BIDMC_Slide24","FOXP3",0.049845466686759,FALSE
"BIDMC_Slide24","PD1",0.0668102899372657,FALSE
"BIDMC_Slide24","Pax5",0.0935127916057312,FALSE
"BIDMC_Slide24","H3K27ac",0.0966869779825543,FALSE
"BIDMC_Slide24","Granzyme B",0.0733630390202726,FALSE
"BIDMC_Slide24","CD31",0.0769602659765607,FALSE
"BIDMC_Slide24","IDO1",0.12262262466452,FALSE
"BIDMC_Slide24","CD138",0.110264256065588,FALSE
"BIDMC_Slide24","Na/KATPase",0.106761218570463,FALSE
"BIDMC_Slide24","CD45RA",0.091117166800114,FALSE
"BIDMC_Slide24","CK",0.216046017522411,FALSE
"BIDMC_Slide3","CD3",0.169545986735413,FALSE
"BIDMC_Slide3","CD45",0.163588066367347,FALSE
"BIDMC_Slide3","CD15",0.0966883107513709,FALSE
"BIDMC_Slide3","CD4",0.152292602085793,FALSE
"BIDMC_Slide3","CD8",0.123080759488484,FALSE
"BIDMC_Slide3","CD11b",0.0625670643671847,FALSE
"BIDMC_Slide3","Tox/Tox2",0.125730030013549,FALSE
"BIDMC_Slide3","CD20",0.0861074722119821,FALSE
"BIDMC_Slide3","CD11c",0.0702623327446882,FALSE
"BIDMC_Slide3","H3K27me3",0.193103919533158,FALSE
"BIDMC_Slide3","Ki67",0.146409189137101,FALSE
"BIDMC_Slide3","HLADRA",0.129040066787566,FALSE
"BIDMC_Slide3","pS6",0.09582578587379,FALSE
"BIDMC_Slide3","CD68",0.111095280590043,FALSE
"BIDMC_Slide3","FOXP3",0.0722776481326219,FALSE
"BIDMC_Slide3","PD1",0.11884197777031,FALSE
"BIDMC_Slide3","Pax5",0.136656132093365,FALSE
"BIDMC_Slide3","H3K27ac",0.0956652688972957,FALSE
"BIDMC_Slide3","Granzyme B",0.0932954143330032,FALSE
"BIDMC_Slide3","CD31",0.068598515598054,FALSE
"BIDMC_Slide3","IDO1",0.131594832288151,FALSE
"BIDMC_Slide3","CD138",0.115903046076743,FALSE
"BIDMC_Slide3","Na/KATPase",0.0993279670592587,FALSE
"BIDMC_Slide3","CD45RA",0.155820026235483,FALSE
"BIDMC_Slide3","CK",0.182479046632441,FALSE
"BIDMC_Slide4","CD3",0.102351849531331,FALSE
"BIDMC_Slide4","CD45",0.211716893784701,FALSE
"BIDMC_Slide4","CD15",0.0912436788595482,FALSE
"BIDMC_Slide4","CD4",0.278980079813082,FALSE
"BIDMC_Slide4","CD8",0.105753397602272,FALSE
"BIDMC_Slide4","CD11b",0.049930501492996,FALSE
"BIDMC_Slide4","Tox/Tox2",0.120912565323074,FALSE
"BIDMC_Slide4","CD20",0.0932591119052974,FALSE
"BIDMC_Slide4","CD11c",0.0793313273636386,FALSE
"BIDMC_Slide4","H3K27me3",0.236056836564543,FALSE
"BIDMC_Slide4","Ki67",0.128177648311877,FALSE
"BIDMC_Slide4","HLADRA",0.159834304617837,FALSE
"BIDMC_Slide4","pS6",0.130781579629165,FALSE
"BIDMC_Slide4","CD68",0.0955031229231402,FALSE
"BIDMC_Slide4","FOXP3",0.0932930720898366,FALSE
"BIDMC_Slide4","PD1",0.112413094221767,FALSE
"BIDMC_Slide4","Pax5",0.131591204104073,FALSE
"BIDMC_Slide4","H3K27ac",0.135788757190741,FALSE
"BIDMC_Slide4","Granzyme B",0.115373770363428,FALSE
"BIDMC_Slide4","CD31",0.0862377472250354,FALSE
"BIDMC_Slide4","IDO1",0.137570039167406,FALSE
"BIDMC_Slide4","CD138",0.138823786290086,FALSE
"BIDMC_Slide4","Na/KATPase",0.137121304136009,FALSE
"BIDMC_Slide4","CD45RA",0.130481846347216,FALSE
"BIDMC_Slide4","CK",0.230141866617028,FALSE
"BIDMC_Slide5","CD3",0.0995018520478902,FALSE
"BIDMC_Slide5","CD45",0.126777783683677,FALSE
"BIDMC_Slide5","CD15",0.053083190524414,FALSE
"BIDMC_Slide5","CD4",NA,TRUE
"BIDMC_Slide5","CD8",0.0640043552027358,FALSE
"BIDMC_Slide5","CD11b",0.0301436278320745,FALSE
"BIDMC_Slide5","Tox/Tox2",0.0594618426279978,FALSE
"BIDMC_Slide5","CD20",0.0713826260630621,FALSE
"BIDMC_Slide5","CD11c",0.0245924671012882,FALSE
"BIDMC_Slide5","H3K27me3",0.162519105208655,FALSE
"BIDMC_Slide5","Ki67",0.107191832101713,FALSE
"BIDMC_Slide5","HLADRA",0.12908754553034,FALSE
"BIDMC_Slide5","pS6",0.0687096223735968,FALSE
"BIDMC_Slide5","CD68",0.0697383661824463,FALSE
"BIDMC_Slide5","FOXP3",0.0189077828368115,FALSE
"BIDMC_Slide5","PD1",0.0398900855685935,FALSE
"BIDMC_Slide5","Pax5",0.18247176420706,FALSE
"BIDMC_Slide5","H3K27ac",0.0784020189264631,FALSE
"BIDMC_Slide5","Granzyme B",0.0337064714805076,FALSE
"BIDMC_Slide5","CD31",0.0557164066840845,FALSE
"BIDMC_Slide5","IDO1",0.0339178899351547,FALSE
"BIDMC_Slide5","CD138",0.125968884417487,FALSE
"BIDMC_Slide5","Na/KATPase",0.051931156729625,FALSE
"BIDMC_Slide5","CD45RA",0.167285135435589,FALSE
"BIDMC_Slide5","CK",0.215236206069724,FALSE
"BIDMC_Slide6","CD3",0.115835545511857,FALSE
"BIDMC_Slide6","CD45",0.146030173268697,FALSE
"BIDMC_Slide6","CD15",0.0383222448114217,FALSE
"BIDMC_Slide6","CD4",0.166439552988546,FALSE
"BIDMC_Slide6","CD8",0.0633635303968357,FALSE
"BIDMC_Slide6","CD11b",0.0306536439658501,FALSE
"BIDMC_Slide6","Tox/Tox2",0.071791619313551,FALSE
"BIDMC_Slide6","CD20",0.0774353793797173,FALSE
"BIDMC_Slide6","CD11c",0.0371447885284996,FALSE
"BIDMC_Slide6","H3K27me3",0.199385267050413,FALSE
"BIDMC_Slide6","Ki67",0.117031649659388,FALSE
"BIDMC_Slide6","HLADRA",0.146474685232715,FALSE
"BIDMC_Slide6","pS6",0.0882047676149725,FALSE
"BIDMC_Slide6","CD68",0.0962513207890256,FALSE
"BIDMC_Slide6","FOXP3",0.0297493722153923,FALSE
"BIDMC_Slide6","PD1",0.0473621830412601,FALSE
"BIDMC_Slide6","Pax5",0.168608751735712,FALSE
"BIDMC_Slide6","H3K27ac",0.119414080148728,FALSE
"BIDMC_Slide6","Granzyme B",0.0712854825415517,FALSE
"BIDMC_Slide6","CD31",0.0929932823142908,FALSE
"BIDMC_Slide6","IDO1",0.118076532141512,FALSE
"BIDMC_Slide6","CD138",0.152009652802494,FALSE
"BIDMC_Slide6","Na/KATPase",0.113648056143856,FALSE
"BIDMC_Slide6","CD45RA",0.266127417835747,FALSE
"BIDMC_Slide6","CK",0.302155946072302,FALSE
"BIDMC_Slide7","CD3",0.105620978778885,FALSE
"BIDMC_Slide7","CD45",0.142921326947187,FALSE
"BIDMC_Slide7","CD15",0.0782377911779306,FALSE
"BIDMC_Slide7","CD4",0.124116054651038,FALSE
"BIDMC_Slide7","CD8",0.0865197787563995,FALSE
"BIDMC_Slide7","CD11b",0.0357669774992141,FALSE
"BIDMC_Slide7","Tox/Tox2",0.109580351770217,FALSE
"BIDMC_Slide7","CD20",0.0723920532302914,FALSE
"BIDMC_Slide7","CD11c",0.0611872280030192,FALSE
"BIDMC_Slide7","H3K27me3",0.165149856003171,FALSE
"BIDMC_Slide7","Ki67",0.12005836048506,FALSE
"BIDMC_Slide7","HLADRA",0.127839074472186,FALSE
"BIDMC_Slide7","pS6",0.0855815790144658,FALSE
"BIDMC_Slide7","CD68",0.0988940627198665,FALSE
"BIDMC_Slide7","FOXP3",0.0494984176300228,FALSE
"BIDMC_Slide7","PD1",0.0759219563568661,FALSE
"BIDMC_Slide7","Pax5",0.123758034489789,FALSE
"BIDMC_Slide7","H3K27ac",0.0850164431382117,FALSE
"BIDMC_Slide7","Granzyme B",0.0645740253173837,FALSE
"BIDMC_Slide7","CD31",0.0567349834168576,FALSE
"BIDMC_Slide7","IDO1",0.109715015050025,FALSE
"BIDMC_Slide7","CD138",0.0980225132444862,FALSE
"BIDMC_Slide7","Na/KATPase",0.0817167718582099,FALSE
"BIDMC_Slide7","CD45RA",0.129601087189062,FALSE
"BIDMC_Slide7","CK",0.188170817211168,FALSE
"BIDMC_Slide8","CD3",0.0671144944331958,FALSE
"BIDMC_Slide8","CD45",0.146821216954641,FALSE
"BIDMC_Slide8","CD15",0.0813787804234555,FALSE
"BIDMC_Slide8","CD4",0.208434688500083,FALSE
"BIDMC_Slide8","CD8",0.0736113450574349,FALSE
"BIDMC_Slide8","CD11b",0.0427451387656278,FALSE
"BIDMC_Slide8","Tox/Tox2",0.101363144520567,FALSE
"BIDMC_Slide8","CD20",0.0692285221963694,FALSE
"BIDMC_Slide8","CD11c",0.060490653499616,FALSE
"BIDMC_Slide8","H3K27me3",0.198865840094578,FALSE
"BIDMC_Slide8","Ki67",0.100568045335495,FALSE
"BIDMC_Slide8","HLADRA",0.139645909370369,FALSE
"BIDMC_Slide8","pS6",0.1149799862635,FALSE
"BIDMC_Slide8","CD68",0.0809102203075465,FALSE
"BIDMC_Slide8","FOXP3",0.0323720279273681,FALSE
"BIDMC_Slide8","PD1",0.062613290601792,FALSE
"BIDMC_Slide8","Pax5",0.111046158478741,FALSE
"BIDMC_Slide8","H3K27ac",0.112854285752734,FALSE
"BIDMC_Slide8","Granzyme B",0.075118673724789,FALSE
"BIDMC_Slide8","CD31",0.0602837399446955,FALSE
"BIDMC_Slide8","IDO1",0.116516861592962,FALSE
"BIDMC_Slide8","CD138",0.107948037553927,FALSE
"BIDMC_Slide8","Na/KATPase",0.117321648561764,FALSE
"BIDMC_Slide8","CD45RA",0.0973994547231761,FALSE
"BIDMC_Slide8","CK",0.179817458518876,FALSE
"BIDMC_Slide9","CD3",0.113198484153218,FALSE
"BIDMC_Slide9","CD45",0.125166189448871,FALSE
"BIDMC_Slide9","CD15",0.0595311137990511,FALSE
"BIDMC_Slide9","CD4",NA,TRUE
"BIDMC_Slide9","CD8",0.0676288562441575,FALSE
"BIDMC_Slide9","CD11b",0.042412837984568,FALSE
"BIDMC_Slide9","Tox/Tox2",0.0683032829266297,FALSE
"BIDMC_Slide9","CD20",0.0869352016895652,FALSE
"BIDMC_Slide9","CD11c",0.0383364250219858,FALSE
"BIDMC_Slide9","H3K27me3",0.169468442595299,FALSE
"BIDMC_Slide9","Ki67",0.129637332326309,FALSE
"BIDMC_Slide9","HLADRA",0.132214015250576,FALSE
"BIDMC_Slide9","pS6",0.0817222834984367,FALSE
"BIDMC_Slide9","CD68",0.0801828844301687,FALSE
"BIDMC_Slide9","FOXP3",0.0393417423358765,FALSE
"BIDMC_Slide9","PD1",0.059683855289752,FALSE
"BIDMC_Slide9","Pax5",0.183154498375838,FALSE
"BIDMC_Slide9","H3K27ac",0.0767496342836796,FALSE
"BIDMC_Slide9","Granzyme B",0.042164697738349,FALSE
"BIDMC_Slide9","CD31",0.0767903156332583,FALSE
"BIDMC_Slide9","IDO1",0.0406221834306752,FALSE
"BIDMC_Slide9","CD138",0.152739632025651,FALSE
"BIDMC_Slide9","Na/KATPase",0.0684671784738549,FALSE
"BIDMC_Slide9","CD45RA",0.204755983728903,FALSE
"BIDMC_Slide9","CK",0.271151163534836,FALSE
