"Marker","Condition1","Condition2","Cohens_d","Size_of_effect","Lower_CI","Upper_CI"
"CD11b","Stanford_IMC_Tonsil_Tris_10min","Stanford_IMC_Tonsil_Tris_20min",0.702875994642131,"medium",0.602072734637299,0.803679254646964
"CD11b","Stanford_IMC_Tonsil_Tris_10min","Stanford_IMC_Tonsil_Tris_40min",1.36379857181167,"large",1.27627218941203,1.45132495421131
"CD11b","Stanford_IMC_Tonsil_Tris_10min","Stanford_IMC_Tonsil_Citra_20min",1.88200341256425,"large",1.7813013194868,1.98270550564171
"CD11b","Stanford_IMC_Tonsil_Tris_20min","Stanford_IMC_Tonsil_Tris_40min",0.305731001671507,"medium",0.212672693344307,0.398789309998706
"CD11b","Stanford_IMC_Tonsil_Tris_20min","Stanford_IMC_Tonsil_Citra_20min",0.731321003210964,"medium",0.631635031683226,0.831006974738703
"CD11b","Stanford_IMC_Tonsil_Tris_40min","Stanford_IMC_Tonsil_Citra_20min",0.58305621098071,"medium",0.503972809722668,0.662139612238752
"CD11c","Stanford_IMC_Tonsil_Tris_10min","Stanford_IMC_Tonsil_Tris_20min",0.829210264062157,"large",0.727328020249159,0.931092507875154
"CD11c","Stanford_IMC_Tonsil_Tris_10min","Stanford_IMC_Tonsil_Tris_40min",0.241032089197881,"medium",0.161711198624861,0.320352979770901
"CD11c","Stanford_IMC_Tonsil_Tris_10min","Stanford_IMC_Tonsil_Citra_20min",1.07686158024611,"large",0.987142383065816,1.1665807774264
"CD11c","Stanford_IMC_Tonsil_Tris_20min","Stanford_IMC_Tonsil_Tris_40min",-0.62346825378762,"",-0.717955576238712,-0.528980931336529
"CD11c","Stanford_IMC_Tonsil_Tris_20min","Stanford_IMC_Tonsil_Citra_20min",0.219529471668108,"medium",0.122519269005141,0.316539674331074
"CD11c","Stanford_IMC_Tonsil_Tris_40min","Stanford_IMC_Tonsil_Citra_20min",0.871852407903774,"large",0.790833164909686,0.952871650897862
"CD14","Stanford_IMC_Tonsil_Tris_10min","Stanford_IMC_Tonsil_Tris_20min",1.18931559618736,"large",1.08347948389836,1.29515170847635
"CD14","Stanford_IMC_Tonsil_Tris_10min","Stanford_IMC_Tonsil_Tris_40min",1.26056407987031,"large",1.17422164388914,1.34690651585149
"CD14","Stanford_IMC_Tonsil_Tris_10min","Stanford_IMC_Tonsil_Citra_20min",2.07460789648662,"large",1.97063718316357,2.17857860980967
"CD14","Stanford_IMC_Tonsil_Tris_20min","Stanford_IMC_Tonsil_Tris_40min",-0.0439097674269657,"",-0.136520513047242,0.0487009781933111
"CD14","Stanford_IMC_Tonsil_Tris_20min","Stanford_IMC_Tonsil_Citra_20min",0.788602045670948,"medium",0.688444898858293,0.888759192483602
"CD14","Stanford_IMC_Tonsil_Tris_40min","Stanford_IMC_Tonsil_Citra_20min",0.916866668760259,"large",0.835481716314325,0.998251621206194
"CD15","Stanford_IMC_Tonsil_Tris_10min","Stanford_IMC_Tonsil_Tris_20min",0.373403976178532,"medium",0.274608043702327,0.472199908654736
"CD15","Stanford_IMC_Tonsil_Tris_10min","Stanford_IMC_Tonsil_Tris_40min",0.165682344081311,"small",0.0865083668528406,0.244856321309782
"CD15","Stanford_IMC_Tonsil_Tris_10min","Stanford_IMC_Tonsil_Citra_20min",0.69404816406594,"medium",0.607709323742871,0.780387004389009
"CD15","Stanford_IMC_Tonsil_Tris_20min","Stanford_IMC_Tonsil_Tris_40min",-0.231045207608499,"",-0.323907780446119,-0.138182634770878
"CD15","Stanford_IMC_Tonsil_Tris_20min","Stanford_IMC_Tonsil_Citra_20min",0.471197676687396,"medium",0.373223259416519,0.569172093958273
"CD15","Stanford_IMC_Tonsil_Tris_40min","Stanford_IMC_Tonsil_Citra_20min",0.657646952611851,"medium",0.57813312546145,0.737160779762251
"CD16","Stanford_IMC_Tonsil_Tris_10min","Stanford_IMC_Tonsil_Tris_20min",2.20735708941088,"large",2.08444100598617,2.33027317283559
"CD16","Stanford_IMC_Tonsil_Tris_10min","Stanford_IMC_Tonsil_Tris_40min",1.44750684015705,"large",1.35896491020803,1.53604877010608
"CD16","Stanford_IMC_Tonsil_Tris_10min","Stanford_IMC_Tonsil_Citra_20min",2.13996048958595,"large",2.03483339438298,2.24508758478892
"CD16","Stanford_IMC_Tonsil_Tris_20min","Stanford_IMC_Tonsil_Tris_40min",-0.448733986658765,"",-0.542317033327725,-0.355150939989805
"CD16","Stanford_IMC_Tonsil_Tris_20min","Stanford_IMC_Tonsil_Citra_20min",0.168292713019634,"small",0.0713933395633637,0.265192086475904
"CD16","Stanford_IMC_Tonsil_Tris_40min","Stanford_IMC_Tonsil_Citra_20min",0.591975299803602,"medium",0.512843037619638,0.671107561987565
"CD163","Stanford_IMC_Tonsil_Tris_10min","Stanford_IMC_Tonsil_Tris_20min",1.14045462244369,"large",1.03522790204479,1.2456813428426
"CD163","Stanford_IMC_Tonsil_Tris_10min","Stanford_IMC_Tonsil_Tris_40min",1.32387142968464,"large",1.23681207266287,1.41093078670642
"CD163","Stanford_IMC_Tonsil_Tris_10min","Stanford_IMC_Tonsil_Citra_20min",1.35341835909076,"large",1.26046909243946,1.44636762574206
"CD163","Stanford_IMC_Tonsil_Tris_20min","Stanford_IMC_Tonsil_Tris_40min",0.299540215752366,"medium",0.206500185051532,0.3925802464532
"CD163","Stanford_IMC_Tonsil_Tris_20min","Stanford_IMC_Tonsil_Citra_20min",0.418007899551426,"medium",0.320294882889774,0.515720916213077
"CD163","Stanford_IMC_Tonsil_Tris_40min","Stanford_IMC_Tonsil_Citra_20min",0.158228586396274,"small",0.080627749993856,0.235829422798692
"CD20","Stanford_IMC_Tonsil_Tris_10min","Stanford_IMC_Tonsil_Tris_20min",-0.494493965129358,"",-0.593889034673935,-0.395098895584781
"CD20","Stanford_IMC_Tonsil_Tris_10min","Stanford_IMC_Tonsil_Tris_40min",-0.501148874436109,"",-0.581389062979841,-0.420908685892378
"CD20","Stanford_IMC_Tonsil_Tris_10min","Stanford_IMC_Tonsil_Citra_20min",0.291047999675822,"medium",0.206751602417735,0.37534439693391
"CD20","Stanford_IMC_Tonsil_Tris_20min","Stanford_IMC_Tonsil_Tris_40min",-0.00698886482272253,"",-0.0995904001143916,0.0856126704689466
"CD20","Stanford_IMC_Tonsil_Tris_20min","Stanford_IMC_Tonsil_Citra_20min",0.849016842599362,"large",0.748326937904429,0.949706747294294
"CD20","Stanford_IMC_Tonsil_Tris_40min","Stanford_IMC_Tonsil_Citra_20min",0.831350111546656,"large",0.75064550790715,0.912054715186163
"CD209","Stanford_IMC_Tonsil_Tris_10min","Stanford_IMC_Tonsil_Tris_20min",1.24141811274118,"large",1.1349081166718,1.34792810881056
"CD209","Stanford_IMC_Tonsil_Tris_10min","Stanford_IMC_Tonsil_Tris_40min",1.20550653770004,"large",1.1197635937732,1.29124948162687
"CD209","Stanford_IMC_Tonsil_Tris_10min","Stanford_IMC_Tonsil_Citra_20min",1.65141362768662,"large",1.55432788255185,1.74849937282139
"CD209","Stanford_IMC_Tonsil_Tris_20min","Stanford_IMC_Tonsil_Tris_40min",-0.0203896718984847,"",-0.112993005461698,0.0722136616647281
"CD209","Stanford_IMC_Tonsil_Tris_20min","Stanford_IMC_Tonsil_Citra_20min",0.583064627246392,"medium",0.484441409180249,0.681687845312535
"CD209","Stanford_IMC_Tonsil_Tris_40min","Stanford_IMC_Tonsil_Citra_20min",0.642424779997151,"medium",0.563002799507624,0.721846760486679
"CD3","Stanford_IMC_Tonsil_Tris_10min","Stanford_IMC_Tonsil_Tris_20min",-0.821651483223217,"",-0.923464509722818,-0.719838456723616
"CD3","Stanford_IMC_Tonsil_Tris_10min","Stanford_IMC_Tonsil_Tris_40min",-0.298586361729807,"",-0.378055861340332,-0.219116862119282
"CD3","Stanford_IMC_Tonsil_Tris_10min","Stanford_IMC_Tonsil_Citra_20min",0.128754259873502,"small",0.0448133786021839,0.21269514114482
"CD3","Stanford_IMC_Tonsil_Tris_20min","Stanford_IMC_Tonsil_Tris_40min",0.791845572844198,"medium",0.696220381775789,0.887470763912606
"CD3","Stanford_IMC_Tonsil_Tris_20min","Stanford_IMC_Tonsil_Citra_20min",0.944022763939542,"large",0.842422098916496,1.04562342896259
"CD3","Stanford_IMC_Tonsil_Tris_40min","Stanford_IMC_Tonsil_Citra_20min",0.45120352173766,"medium",0.372758679944288,0.529648363531033
"CD31","Stanford_IMC_Tonsil_Tris_10min","Stanford_IMC_Tonsil_Tris_20min",1.16654130301884,"large",1.06099197277919,1.27209063325849
"CD31","Stanford_IMC_Tonsil_Tris_10min","Stanford_IMC_Tonsil_Tris_40min",1.03936810410362,"large",0.955293888785255,1.12344231942198
"CD31","Stanford_IMC_Tonsil_Tris_10min","Stanford_IMC_Tonsil_Citra_20min",0.81898038750036,"large",0.731685843642786,0.906274931357935
"CD31","Stanford_IMC_Tonsil_Tris_20min","Stanford_IMC_Tonsil_Tris_40min",-0.28508013442967,"",-0.378078916684833,-0.192081352174508
"CD31","Stanford_IMC_Tonsil_Tris_20min","Stanford_IMC_Tonsil_Citra_20min",-0.364246098981845,"",-0.461726093861991,-0.266766104101699
"CD31","Stanford_IMC_Tonsil_Tris_40min","Stanford_IMC_Tonsil_Citra_20min",-0.129144429805326,"",-0.206705532560751,-0.051583327049901
"CD4","Stanford_IMC_Tonsil_Tris_10min","Stanford_IMC_Tonsil_Tris_20min",-0.351699633110176,"",-0.45040553111627,-0.252993735104081
"CD4","Stanford_IMC_Tonsil_Tris_10min","Stanford_IMC_Tonsil_Tris_40min",0.449986694112363,"medium",0.369977233119374,0.529996155105351
"CD4","Stanford_IMC_Tonsil_Tris_10min","Stanford_IMC_Tonsil_Citra_20min",1.05416129856639,"large",0.964679081965158,1.14364351516762
"CD4","Stanford_IMC_Tonsil_Tris_20min","Stanford_IMC_Tonsil_Tris_40min",0.804584059256126,"large",0.708862393638086,0.900305724874167
"CD4","Stanford_IMC_Tonsil_Tris_20min","Stanford_IMC_Tonsil_Citra_20min",1.37162752936575,"large",1.26488667786886,1.47836838086265
"CD4","Stanford_IMC_Tonsil_Tris_40min","Stanford_IMC_Tonsil_Citra_20min",0.634361323145291,"medium",0.554987166077436,0.713735480213146
"CD44","Stanford_IMC_Tonsil_Tris_10min","Stanford_IMC_Tonsil_Tris_20min",1.0155813994565,"large",0.911810193712656,1.11935260520035
"CD44","Stanford_IMC_Tonsil_Tris_10min","Stanford_IMC_Tonsil_Tris_40min",1.5379612783523,"large",1.44826813924192,1.62765441746268
"CD44","Stanford_IMC_Tonsil_Tris_10min","Stanford_IMC_Tonsil_Citra_20min",1.65353993208861,"large",1.55642242047191,1.75065744370531
"CD44","Stanford_IMC_Tonsil_Tris_20min","Stanford_IMC_Tonsil_Tris_40min",0.546824263999623,"medium",0.45276878771327,0.640879740285977
"CD44","Stanford_IMC_Tonsil_Tris_20min","Stanford_IMC_Tonsil_Citra_20min",0.727440505242448,"medium",0.627785246118303,0.827095764366594
"CD44","Stanford_IMC_Tonsil_Tris_40min","Stanford_IMC_Tonsil_Citra_20min",0.203838536344537,"medium",0.126159253365238,0.281517819323835
"CD45RA","Stanford_IMC_Tonsil_Tris_10min","Stanford_IMC_Tonsil_Tris_20min",0.2158788087799,"medium",0.11761511847524,0.314142499084561
"CD45RA","Stanford_IMC_Tonsil_Tris_10min","Stanford_IMC_Tonsil_Tris_40min",0.99277168095853,"large",0.909126436490255,1.0764169254268
"CD45RA","Stanford_IMC_Tonsil_Tris_10min","Stanford_IMC_Tonsil_Citra_20min",0.194504977833212,"small",0.11045302688173,0.278556928784694
"CD45RA","Stanford_IMC_Tonsil_Tris_20min","Stanford_IMC_Tonsil_Tris_40min",0.749949334470692,"medium",0.654631232015415,0.845267436925969
"CD45RA","Stanford_IMC_Tonsil_Tris_20min","Stanford_IMC_Tonsil_Citra_20min",-0.0275624882667213,"",-0.124307920183617,0.0691829436501741
"CD45RA","Stanford_IMC_Tonsil_Tris_40min","Stanford_IMC_Tonsil_Citra_20min",-0.788633385408763,"",-0.869021123645598,-0.708245647171929
"CD45RO","Stanford_IMC_Tonsil_Tris_10min","Stanford_IMC_Tonsil_Tris_20min",1.1865179649589,"large",1.08071733798321,1.29231859193459
"CD45RO","Stanford_IMC_Tonsil_Tris_10min","Stanford_IMC_Tonsil_Tris_40min",1.9246976081404,"large",1.82950124114649,2.01989397513431
"CD45RO","Stanford_IMC_Tonsil_Tris_10min","Stanford_IMC_Tonsil_Citra_20min",1.67548450904556,"large",1.57803737625518,1.77293164183594
"CD45RO","Stanford_IMC_Tonsil_Tris_20min","Stanford_IMC_Tonsil_Tris_40min",0.575056412311064,"medium",0.480848217909324,0.669264606712805
"CD45RO","Stanford_IMC_Tonsil_Tris_20min","Stanford_IMC_Tonsil_Citra_20min",0.411087764163588,"medium",0.313406505022203,0.508769023304972
"CD45RO","Stanford_IMC_Tonsil_Tris_40min","Stanford_IMC_Tonsil_Citra_20min",-0.13383084597168,"",-0.211397808847813,-0.056263883095547
"CD56","Stanford_IMC_Tonsil_Tris_10min","Stanford_IMC_Tonsil_Tris_20min",1.14766028611284,"large",1.04234508543922,1.25297548678646
"CD56","Stanford_IMC_Tonsil_Tris_10min","Stanford_IMC_Tonsil_Tris_40min",0.906513689770177,"large",0.823615871114586,0.989411508425768
"CD56","Stanford_IMC_Tonsil_Tris_10min","Stanford_IMC_Tonsil_Citra_20min",1.74740405342822,"large",1.64885430194833,1.84595380490811
"CD56","Stanford_IMC_Tonsil_Tris_20min","Stanford_IMC_Tonsil_Tris_40min",-0.367068004809256,"",-0.46032737065766,-0.273808638960851
"CD56","Stanford_IMC_Tonsil_Tris_20min","Stanford_IMC_Tonsil_Citra_20min",0.870535515048826,"large",0.769647080327075,0.971423949770577
"CD56","Stanford_IMC_Tonsil_Tris_40min","Stanford_IMC_Tonsil_Citra_20min",1.24649748268801,"large",1.16194261260996,1.33105235276607
"CD66a","Stanford_IMC_Tonsil_Tris_10min","Stanford_IMC_Tonsil_Tris_20min",1.80430681313274,"large",1.68906162124929,1.9195520050162
"CD66a","Stanford_IMC_Tonsil_Tris_10min","Stanford_IMC_Tonsil_Tris_40min",0.960383318128166,"large",0.877025884632736,1.0437407516236
"CD66a","Stanford_IMC_Tonsil_Tris_10min","Stanford_IMC_Tonsil_Citra_20min",1.36625328094147,"large",1.27313931793974,1.45936724394319
"CD66a","Stanford_IMC_Tonsil_Tris_20min","Stanford_IMC_Tonsil_Tris_40min",-0.932824215699668,"",-1.02959657267608,-0.836051858723256
"CD66a","Stanford_IMC_Tonsil_Tris_20min","Stanford_IMC_Tonsil_Citra_20min",-0.176993822633852,"",-0.273909961143333,-0.0800776841243704
"CD66a","Stanford_IMC_Tonsil_Tris_40min","Stanford_IMC_Tonsil_Citra_20min",0.592898457272925,"medium",0.51376109718711,0.672035817358741
"CD68","Stanford_IMC_Tonsil_Tris_10min","Stanford_IMC_Tonsil_Tris_20min",1.89665968845293,"large",1.77975099640781,2.01356838049805
"CD68","Stanford_IMC_Tonsil_Tris_10min","Stanford_IMC_Tonsil_Tris_40min",2.34815519517048,"large",2.24599293496666,2.4503174553743
"CD68","Stanford_IMC_Tonsil_Tris_10min","Stanford_IMC_Tonsil_Citra_20min",1.13317975807981,"large",1.04285368191752,1.22350583424211
"CD68","Stanford_IMC_Tonsil_Tris_20min","Stanford_IMC_Tonsil_Tris_40min",0.442896458826353,"medium",0.349338659271819,0.536454258380887
"CD68","Stanford_IMC_Tonsil_Tris_20min","Stanford_IMC_Tonsil_Citra_20min",0.547834804824937,"medium",0.449430285486032,0.646239324163842
"CD68","Stanford_IMC_Tonsil_Tris_40min","Stanford_IMC_Tonsil_Citra_20min",0.502992782874435,"medium",0.424315944012861,0.581669621736009
"CD8a","Stanford_IMC_Tonsil_Tris_10min","Stanford_IMC_Tonsil_Tris_20min",-0.177671654989697,"",-0.275848859169629,-0.0794944508097656
"CD8a","Stanford_IMC_Tonsil_Tris_10min","Stanford_IMC_Tonsil_Tris_40min",0.217715401117855,"medium",0.138445757536929,0.29698504469878
"CD8a","Stanford_IMC_Tonsil_Tris_10min","Stanford_IMC_Tonsil_Citra_20min",0.283631835716831,"medium",0.199357633618733,0.367906037814929
"CD8a","Stanford_IMC_Tonsil_Tris_20min","Stanford_IMC_Tonsil_Tris_40min",0.471009145544686,"medium",0.377326788117956,0.564691502971416
"CD8a","Stanford_IMC_Tonsil_Tris_20min","Stanford_IMC_Tonsil_Citra_20min",0.436424044875429,"medium",0.338623984064708,0.534224105686149
"CD8a","Stanford_IMC_Tonsil_Tris_40min","Stanford_IMC_Tonsil_Citra_20min",0.145273210374562,"small",0.0676910639316702,0.222855356817454
"Collagen","Stanford_IMC_Tonsil_Tris_10min","Stanford_IMC_Tonsil_Tris_20min",-1.06037887971181,"",-1.16465514596105,-0.95610261346257
"Collagen","Stanford_IMC_Tonsil_Tris_10min","Stanford_IMC_Tonsil_Tris_40min",-0.687640975205661,"",-0.768924046623405,-0.606357903787917
"Collagen","Stanford_IMC_Tonsil_Tris_10min","Stanford_IMC_Tonsil_Citra_20min",0.238865905679429,"medium",0.154713618390161,0.323018192968698
"Collagen","Stanford_IMC_Tonsil_Tris_20min","Stanford_IMC_Tonsil_Tris_40min",0.371059149104438,"medium",0.27778544688402,0.464332851324856
"Collagen","Stanford_IMC_Tonsil_Tris_20min","Stanford_IMC_Tonsil_Citra_20min",0.886419273352345,"large",0.78538136655519,0.9874571801495
"Collagen","Stanford_IMC_Tonsil_Tris_40min","Stanford_IMC_Tonsil_Citra_20min",0.730735221525067,"medium",0.650752099844335,0.810718343205799
"Desmin","Stanford_IMC_Tonsil_Tris_10min","Stanford_IMC_Tonsil_Tris_20min",0.341689974575139,"medium",0.243023808908237,0.440356140242042
"Desmin","Stanford_IMC_Tonsil_Tris_10min","Stanford_IMC_Tonsil_Tris_40min",0.535371722484883,"medium",0.454963760414898,0.615779684554867
"Desmin","Stanford_IMC_Tonsil_Tris_10min","Stanford_IMC_Tonsil_Citra_20min",1.34739213137206,"large",1.25451975619487,1.44026450654924
"Desmin","Stanford_IMC_Tonsil_Tris_20min","Stanford_IMC_Tonsil_Tris_40min",0.197131268376394,"small",0.104339696278756,0.289922840474032
"Desmin","Stanford_IMC_Tonsil_Tris_20min","Stanford_IMC_Tonsil_Citra_20min",1.03708641732466,"large",0.934509147428872,1.13966368722045
"Desmin","Stanford_IMC_Tonsil_Tris_40min","Stanford_IMC_Tonsil_Citra_20min",0.948722588935689,"large",0.867068757772585,1.03037642009879
"FOXP3","Stanford_IMC_Tonsil_Tris_10min","Stanford_IMC_Tonsil_Tris_20min",1.42589711868284,"large",1.31680837814836,1.53498585921731
"FOXP3","Stanford_IMC_Tonsil_Tris_10min","Stanford_IMC_Tonsil_Tris_40min",0.993923970422426,"large",0.910268329152247,1.07757961169261
"FOXP3","Stanford_IMC_Tonsil_Tris_10min","Stanford_IMC_Tonsil_Citra_20min",2.07924257658111,"large",1.97519061860619,2.18329453455603
"FOXP3","Stanford_IMC_Tonsil_Tris_20min","Stanford_IMC_Tonsil_Tris_40min",-0.331564528184847,"",-0.42470310011507,-0.238425956254624
"FOXP3","Stanford_IMC_Tonsil_Tris_20min","Stanford_IMC_Tonsil_Citra_20min",0.607339128920156,"medium",0.508557594349328,0.706120663490985
"FOXP3","Stanford_IMC_Tonsil_Tris_40min","Stanford_IMC_Tonsil_Citra_20min",0.886842844092127,"large",0.805703676975183,0.967982011209072
"Granzyme B","Stanford_IMC_Tonsil_Tris_10min","Stanford_IMC_Tonsil_Tris_20min",0.660421136745357,"medium",0.559942774723053,0.760899498767661
"Granzyme B","Stanford_IMC_Tonsil_Tris_10min","Stanford_IMC_Tonsil_Tris_40min",-0.179032025585591,"",-0.258228080947989,-0.0998359702231936
"Granzyme B","Stanford_IMC_Tonsil_Tris_10min","Stanford_IMC_Tonsil_Citra_20min",2.12074670404662,"large",2.01596197636416,2.22553143172907
"Granzyme B","Stanford_IMC_Tonsil_Tris_20min","Stanford_IMC_Tonsil_Tris_40min",-0.902288944919464,"",-0.998798129260877,-0.805779760578051
"Granzyme B","Stanford_IMC_Tonsil_Tris_20min","Stanford_IMC_Tonsil_Citra_20min",1.59475208561107,"large",1.4847091623384,1.70479500888373
"Granzyme B","Stanford_IMC_Tonsil_Tris_40min","Stanford_IMC_Tonsil_Citra_20min",2.41862814349439,"large",2.31704857867358,2.5202077083152
"HLADR","Stanford_IMC_Tonsil_Tris_10min","Stanford_IMC_Tonsil_Tris_20min",0.633580590137016,"medium",0.533297697855573,0.733863482418459
"HLADR","Stanford_IMC_Tonsil_Tris_10min","Stanford_IMC_Tonsil_Tris_40min",0.502908036306389,"medium",0.422659485483826,0.583156587128952
"HLADR","Stanford_IMC_Tonsil_Tris_10min","Stanford_IMC_Tonsil_Citra_20min",0.866824724609813,"large",0.779125558001856,0.95452389121777
"HLADR","Stanford_IMC_Tonsil_Tris_20min","Stanford_IMC_Tonsil_Tris_40min",-0.222152269437182,"",-0.31499514189488,-0.129309396979484
"HLADR","Stanford_IMC_Tonsil_Tris_20min","Stanford_IMC_Tonsil_Citra_20min",0.155750867667382,"small",0.0588741773901066,0.252627557944657
"HLADR","Stanford_IMC_Tonsil_Tris_40min","Stanford_IMC_Tonsil_Citra_20min",0.419111539657447,"medium",0.340798124618177,0.497424954696717
"Hoechst","Stanford_IMC_Tonsil_Tris_10min","Stanford_IMC_Tonsil_Tris_20min",-0.269374340606276,"",-0.367787161454936,-0.170961519757616
"Hoechst","Stanford_IMC_Tonsil_Tris_10min","Stanford_IMC_Tonsil_Tris_40min",0.0473317535637247,"small",-0.0317211628614301,0.126384669988879
"Hoechst","Stanford_IMC_Tonsil_Tris_10min","Stanford_IMC_Tonsil_Citra_20min",-0.0158083075371691,"",-0.0996637650111421,0.0680471499368039
"Hoechst","Stanford_IMC_Tonsil_Tris_20min","Stanford_IMC_Tonsil_Tris_40min",0.251125746178848,"medium",0.158215862402976,0.344035629954719
"Hoechst","Stanford_IMC_Tonsil_Tris_20min","Stanford_IMC_Tonsil_Citra_20min",0.250246541692822,"medium",0.153155934139657,0.347337149245986
"Hoechst","Stanford_IMC_Tonsil_Tris_40min","Stanford_IMC_Tonsil_Citra_20min",-0.0583688298471077,"",-0.135866799151512,0.0191291394572963
"Ki67","Stanford_IMC_Tonsil_Tris_10min","Stanford_IMC_Tonsil_Tris_20min",0.113695037015566,"small",0.0156251554369658,0.211764918594166
"Ki67","Stanford_IMC_Tonsil_Tris_10min","Stanford_IMC_Tonsil_Tris_40min",-0.421159341278218,"",-0.501049471223711,-0.341269211332726
"Ki67","Stanford_IMC_Tonsil_Tris_10min","Stanford_IMC_Tonsil_Citra_20min",0.900863527215698,"large",0.812863721441798,0.988863332989598
"Ki67","Stanford_IMC_Tonsil_Tris_20min","Stanford_IMC_Tonsil_Tris_40min",-0.520373377174933,"",-0.614292535736845,-0.426454218613021
"Ki67","Stanford_IMC_Tonsil_Tris_20min","Stanford_IMC_Tonsil_Citra_20min",0.769325233107812,"medium",0.669330365034588,0.869320101181035
"Ki67","Stanford_IMC_Tonsil_Tris_40min","Stanford_IMC_Tonsil_Citra_20min",1.14660613293366,"large",1.06310047869293,1.23011178717439
"Neurofilament","Stanford_IMC_Tonsil_Tris_10min","Stanford_IMC_Tonsil_Tris_20min",2.12089169085659,"large",1.99970789594546,2.24207548576771
"Neurofilament","Stanford_IMC_Tonsil_Tris_10min","Stanford_IMC_Tonsil_Tris_40min",1.62814844577076,"large",1.53725390653961,1.71904298500191
"Neurofilament","Stanford_IMC_Tonsil_Tris_10min","Stanford_IMC_Tonsil_Citra_20min",2.83182077659858,"large",2.71319777627943,2.95044377691773
"Neurofilament","Stanford_IMC_Tonsil_Tris_20min","Stanford_IMC_Tonsil_Tris_40min",-0.425585506787813,"",-0.51907034251136,-0.332100671064265
"Neurofilament","Stanford_IMC_Tonsil_Tris_20min","Stanford_IMC_Tonsil_Citra_20min",0.867252443184093,"large",0.766394593626352,0.968110292741833
"Neurofilament","Stanford_IMC_Tonsil_Tris_40min","Stanford_IMC_Tonsil_Citra_20min",1.23203737244245,"large",1.1476389760129,1.316435768872
"PD1","Stanford_IMC_Tonsil_Tris_10min","Stanford_IMC_Tonsil_Tris_20min",0.709119705512896,"medium",0.60826704875367,0.809972362272123
"PD1","Stanford_IMC_Tonsil_Tris_10min","Stanford_IMC_Tonsil_Tris_40min",1.66432890563603,"large",1.57293783175222,1.75571997951983
"PD1","Stanford_IMC_Tonsil_Tris_10min","Stanford_IMC_Tonsil_Citra_20min",2.03723062369444,"large",1.93391078746466,2.14055045992422
"PD1","Stanford_IMC_Tonsil_Tris_20min","Stanford_IMC_Tonsil_Tris_40min",0.53344262104418,"medium",0.439456928465924,0.627428313622437
"PD1","Stanford_IMC_Tonsil_Tris_20min","Stanford_IMC_Tonsil_Citra_20min",0.891402859169394,"large",0.790317544198774,0.992488174140014
"PD1","Stanford_IMC_Tonsil_Tris_40min","Stanford_IMC_Tonsil_Citra_20min",0.53137023034648,"medium",0.452555914084968,0.610184546607992
"PDL1","Stanford_IMC_Tonsil_Tris_10min","Stanford_IMC_Tonsil_Tris_20min",1.73121005773833,"large",1.61723877486891,1.84518134060774
"PDL1","Stanford_IMC_Tonsil_Tris_10min","Stanford_IMC_Tonsil_Tris_40min",1.0767740711755,"large",0.992342930749979,1.16120521160102
"PDL1","Stanford_IMC_Tonsil_Tris_10min","Stanford_IMC_Tonsil_Citra_20min",1.87136992091236,"large",1.77084194420724,1.97189789761747
"PDL1","Stanford_IMC_Tonsil_Tris_20min","Stanford_IMC_Tonsil_Tris_40min",-0.254122697903537,"",-0.347039978447729,-0.161205417359344
"PDL1","Stanford_IMC_Tonsil_Tris_20min","Stanford_IMC_Tonsil_Citra_20min",0.406749022347265,"medium",0.30908740911203,0.5044106355825
"PDL1","Stanford_IMC_Tonsil_Tris_40min","Stanford_IMC_Tonsil_Citra_20min",0.615242837422365,"medium",0.535979767040235,0.694505907804495
"PanCK","Stanford_IMC_Tonsil_Tris_10min","Stanford_IMC_Tonsil_Tris_20min",1.89580687561153,"large",1.77891381363747,2.01269993758559
"PanCK","Stanford_IMC_Tonsil_Tris_10min","Stanford_IMC_Tonsil_Tris_40min",-0.235668908860632,"",-0.314977553568097,-0.156360264153167
"PanCK","Stanford_IMC_Tonsil_Tris_10min","Stanford_IMC_Tonsil_Citra_20min",1.09523031345398,"large",1.0053161294853,1.18514449742266
"PanCK","Stanford_IMC_Tonsil_Tris_20min","Stanford_IMC_Tonsil_Tris_40min",-1.70917840021961,"",-1.81513500977135,-1.60322179066786
"PanCK","Stanford_IMC_Tonsil_Tris_20min","Stanford_IMC_Tonsil_Citra_20min",-0.884739173766145,"",-0.985761152919979,-0.783717194612312
"PanCK","Stanford_IMC_Tonsil_Tris_40min","Stanford_IMC_Tonsil_Citra_20min",1.15617452947207,"large",1.07257161524877,1.23977744369537
"Podoplanin","Stanford_IMC_Tonsil_Tris_10min","Stanford_IMC_Tonsil_Tris_20min",0.249560429785415,"medium",0.151206651447998,0.347914208122833
"Podoplanin","Stanford_IMC_Tonsil_Tris_10min","Stanford_IMC_Tonsil_Tris_40min",0.599025119449109,"medium",0.518276714540257,0.67977352435796
"Podoplanin","Stanford_IMC_Tonsil_Tris_10min","Stanford_IMC_Tonsil_Citra_20min",2.09417024331103,"large",1.98985580883199,2.19848467779007
"Podoplanin","Stanford_IMC_Tonsil_Tris_20min","Stanford_IMC_Tonsil_Tris_40min",0.313964589812452,"medium",0.22088139916804,0.407047780456863
"Podoplanin","Stanford_IMC_Tonsil_Tris_20min","Stanford_IMC_Tonsil_Citra_20min",1.59625399479153,"large",1.48618752254931,1.70632046703374
"Podoplanin","Stanford_IMC_Tonsil_Tris_40min","Stanford_IMC_Tonsil_Citra_20min",1.31243454064682,"large",1.22714687469382,1.39772220659981
"SOX9","Stanford_IMC_Tonsil_Tris_10min","Stanford_IMC_Tonsil_Tris_20min",1.84022131361672,"large",1.72433625787885,1.9561063693546
"SOX9","Stanford_IMC_Tonsil_Tris_10min","Stanford_IMC_Tonsil_Tris_40min",1.28416961092529,"large",1.19756327232336,1.37077594952722
"SOX9","Stanford_IMC_Tonsil_Tris_10min","Stanford_IMC_Tonsil_Citra_20min",2.81671621302488,"large",2.6984093379383,2.93502308811146
"SOX9","Stanford_IMC_Tonsil_Tris_20min","Stanford_IMC_Tonsil_Tris_40min",-0.433277722044174,"",-0.526794627569197,-0.339760816519151
"SOX9","Stanford_IMC_Tonsil_Tris_20min","Stanford_IMC_Tonsil_Citra_20min",0.872620957846958,"large",0.771713039914463,0.973528875779453
"SOX9","Stanford_IMC_Tonsil_Tris_40min","Stanford_IMC_Tonsil_Citra_20min",1.23231258082797,"large",1.14791122070419,1.31671394095174
"TenascinC","Stanford_IMC_Tonsil_Tris_10min","Stanford_IMC_Tonsil_Tris_20min",0.11621304743856,"small",0.0181398310433056,0.214286263833814
"TenascinC","Stanford_IMC_Tonsil_Tris_10min","Stanford_IMC_Tonsil_Tris_40min",-0.000849192263509221,"",-0.0798913452231448,0.0781929606961263
"TenascinC","Stanford_IMC_Tonsil_Tris_10min","Stanford_IMC_Tonsil_Citra_20min",0.566125347471749,"medium",0.480609987112827,0.651640707830671
"TenascinC","Stanford_IMC_Tonsil_Tris_20min","Stanford_IMC_Tonsil_Tris_40min",-0.224485576385791,"",-0.317333543364981,-0.1316376094066
"TenascinC","Stanford_IMC_Tonsil_Tris_20min","Stanford_IMC_Tonsil_Citra_20min",0.494305107964458,"medium",0.396207627258463,0.592402588670453
"TenascinC","Stanford_IMC_Tonsil_Tris_40min","Stanford_IMC_Tonsil_Citra_20min",0.661091979327193,"medium",0.581557082280444,0.740626876373942
"VEGF","Stanford_IMC_Tonsil_Tris_10min","Stanford_IMC_Tonsil_Tris_20min",0.908135999404914,"large",0.805496228473176,1.01077577033665
"VEGF","Stanford_IMC_Tonsil_Tris_10min","Stanford_IMC_Tonsil_Tris_40min",0.537558160155683,"medium",0.45713911515698,0.617977205154386
"VEGF","Stanford_IMC_Tonsil_Tris_10min","Stanford_IMC_Tonsil_Citra_20min",1.95286838935946,"large",1.85098864469322,2.0547481340257
"VEGF","Stanford_IMC_Tonsil_Tris_20min","Stanford_IMC_Tonsil_Tris_40min",-0.44804775041629,"",-0.541627812344326,-0.354467688488253
"VEGF","Stanford_IMC_Tonsil_Tris_20min","Stanford_IMC_Tonsil_Citra_20min",1.17474581407997,"large",1.07057575854975,1.2789158696102
"VEGF","Stanford_IMC_Tonsil_Tris_40min","Stanford_IMC_Tonsil_Citra_20min",1.62131298486495,"large",1.53219278991818,1.71043317981172
"aSMA","Stanford_IMC_Tonsil_Tris_10min","Stanford_IMC_Tonsil_Tris_20min",0.671094292127622,"medium",0.570536057631126,0.771652526624118
"aSMA","Stanford_IMC_Tonsil_Tris_10min","Stanford_IMC_Tonsil_Tris_40min",1.01886147491921,"large",0.934978198225467,1.10274475161296
"aSMA","Stanford_IMC_Tonsil_Tris_10min","Stanford_IMC_Tonsil_Citra_20min",0.835553360646449,"large",0.748121047878939,0.922985673413958
"aSMA","Stanford_IMC_Tonsil_Tris_20min","Stanford_IMC_Tonsil_Tris_40min",0.227169916369983,"medium",0.134316022935048,0.320023809804918
"aSMA","Stanford_IMC_Tonsil_Tris_20min","Stanford_IMC_Tonsil_Citra_20min",0.0661644718251218,"small",-0.0306011813181154,0.162930124968359
"aSMA","Stanford_IMC_Tonsil_Tris_40min","Stanford_IMC_Tonsil_Citra_20min",-0.17543263833346,"",-0.253060752258898,-0.0978045244080232
"pCREB","Stanford_IMC_Tonsil_Tris_10min","Stanford_IMC_Tonsil_Tris_20min",1.54462641933764,"large",1.43372624140897,1.65552659726631
"pCREB","Stanford_IMC_Tonsil_Tris_10min","Stanford_IMC_Tonsil_Tris_40min",1.22302693545025,"large",1.13709567514666,1.30895819575384
"pCREB","Stanford_IMC_Tonsil_Tris_10min","Stanford_IMC_Tonsil_Citra_20min",-0.319695165529894,"",-0.40408261732806,-0.235307713731728
"pCREB","Stanford_IMC_Tonsil_Tris_20min","Stanford_IMC_Tonsil_Tris_40min",-0.360859458371914,"",-0.454096826722107,-0.26762209002172
"pCREB","Stanford_IMC_Tonsil_Tris_20min","Stanford_IMC_Tonsil_Citra_20min",-2.67832707285986,"",-2.80915961503691,-2.5474945306828
"pCREB","Stanford_IMC_Tonsil_Tris_40min","Stanford_IMC_Tonsil_Citra_20min",-1.88584168519361,"",-1.97872195411929,-1.79296141626792
"pMK2","Stanford_IMC_Tonsil_Tris_10min","Stanford_IMC_Tonsil_Tris_20min",1.45698683253008,"large",1.34743491584742,1.56653874921273
"pMK2","Stanford_IMC_Tonsil_Tris_10min","Stanford_IMC_Tonsil_Tris_40min",1.06710699922705,"large",0.982769164486361,1.15144483396773
"pMK2","Stanford_IMC_Tonsil_Tris_10min","Stanford_IMC_Tonsil_Citra_20min",0.889853514540455,"large",0.801952105521575,0.977754923559335
"pMK2","Stanford_IMC_Tonsil_Tris_20min","Stanford_IMC_Tonsil_Tris_40min",-0.218347104168145,"",-0.311181782060829,-0.125512426275461
"pMK2","Stanford_IMC_Tonsil_Tris_20min","Stanford_IMC_Tonsil_Citra_20min",-0.792490546260437,"",-0.892680882119057,-0.692300210401817
"pMK2","Stanford_IMC_Tonsil_Tris_40min","Stanford_IMC_Tonsil_Citra_20min",-0.385894082047702,"",-0.464081462448315,-0.307706701647089
"pNFkB","Stanford_IMC_Tonsil_Tris_10min","Stanford_IMC_Tonsil_Tris_20min",1.8480306857124,"large",1.73200530026496,1.96405607115984
"pNFkB","Stanford_IMC_Tonsil_Tris_10min","Stanford_IMC_Tonsil_Tris_40min",1.58091310536134,"large",1.49065434181981,1.67117186890288
"pNFkB","Stanford_IMC_Tonsil_Tris_10min","Stanford_IMC_Tonsil_Citra_20min",2.95259527437922,"large",2.83141478320119,3.07377576555724
"pNFkB","Stanford_IMC_Tonsil_Tris_20min","Stanford_IMC_Tonsil_Tris_40min",-0.220644665964339,"",-0.31348427489445,-0.127805057034227
"pNFkB","Stanford_IMC_Tonsil_Tris_20min","Stanford_IMC_Tonsil_Citra_20min",1.17340415125769,"large",1.06925045144514,1.27755785107025
"pNFkB","Stanford_IMC_Tonsil_Tris_40min","Stanford_IMC_Tonsil_Citra_20min",1.39944520302557,"large",1.31314317530881,1.48574723074233
"pS6","Stanford_IMC_Tonsil_Tris_10min","Stanford_IMC_Tonsil_Tris_20min",2.12564884540666,"large",2.00437091084927,2.24692677996405
"pS6","Stanford_IMC_Tonsil_Tris_10min","Stanford_IMC_Tonsil_Tris_40min",1.13026892460037,"large",1.04530819960552,1.21522964959523
"pS6","Stanford_IMC_Tonsil_Tris_10min","Stanford_IMC_Tonsil_Citra_20min",1.75480041505785,"large",1.65613535677281,1.85346547334289
"pS6","Stanford_IMC_Tonsil_Tris_20min","Stanford_IMC_Tonsil_Tris_40min",-0.963808649892594,"",-1.06085623629421,-0.866761063490979
"pS6","Stanford_IMC_Tonsil_Tris_20min","Stanford_IMC_Tonsil_Citra_20min",-0.304994930700138,"",-0.402254701898892,-0.207735159501384
"pS6","Stanford_IMC_Tonsil_Tris_40min","Stanford_IMC_Tonsil_Citra_20min",0.637555282402398,"medium",0.558162251140199,0.716948313664597
"pSTAT1","Stanford_IMC_Tonsil_Tris_10min","Stanford_IMC_Tonsil_Tris_20min",2.08108390724237,"large",1.9606824320891,2.20148538239564
"pSTAT1","Stanford_IMC_Tonsil_Tris_10min","Stanford_IMC_Tonsil_Tris_40min",1.92377432328488,"large",1.82859213742924,2.01895650914052
"pSTAT1","Stanford_IMC_Tonsil_Tris_10min","Stanford_IMC_Tonsil_Citra_20min",2.37167383725215,"large",2.2622688721755,2.48107880232879
"pSTAT1","Stanford_IMC_Tonsil_Tris_20min","Stanford_IMC_Tonsil_Tris_40min",0.0107734262249571,"small",-0.0818284385489946,0.103375290998909
"pSTAT1","Stanford_IMC_Tonsil_Tris_20min","Stanford_IMC_Tonsil_Citra_20min",0.677485063682287,"medium",0.578211377283227,0.776758750081347
"pSTAT1","Stanford_IMC_Tonsil_Tris_40min","Stanford_IMC_Tonsil_Citra_20min",0.698839601963158,"medium",0.619067014511095,0.778612189415221
"pSTAT3","Stanford_IMC_Tonsil_Tris_10min","Stanford_IMC_Tonsil_Tris_20min",1.32013226931528,"large",1.21255811928166,1.4277064193489
"pSTAT3","Stanford_IMC_Tonsil_Tris_10min","Stanford_IMC_Tonsil_Tris_40min",1.43488093912438,"large",1.34649529671254,1.52326658153623
"pSTAT3","Stanford_IMC_Tonsil_Tris_10min","Stanford_IMC_Tonsil_Citra_20min",2.18428030422076,"large",2.07835603255934,2.29020457588219
"pSTAT3","Stanford_IMC_Tonsil_Tris_20min","Stanford_IMC_Tonsil_Tris_40min",0.234444565064403,"medium",0.141574258573985,0.327314871554821
"pSTAT3","Stanford_IMC_Tonsil_Tris_20min","Stanford_IMC_Tonsil_Citra_20min",0.989808068663518,"large",0.887737235154712,1.09187890217232
"pSTAT3","Stanford_IMC_Tonsil_Tris_40min","Stanford_IMC_Tonsil_Citra_20min",0.791684465141883,"medium",0.711274608203907,0.872094322079858
"pSTAT5","Stanford_IMC_Tonsil_Tris_10min","Stanford_IMC_Tonsil_Tris_20min",2.14795482867374,"large",2.0262336488044,2.26967600854307
"pSTAT5","Stanford_IMC_Tonsil_Tris_10min","Stanford_IMC_Tonsil_Tris_40min",1.75320783087194,"large",1.66056270997425,1.84585295176963
"pSTAT5","Stanford_IMC_Tonsil_Tris_10min","Stanford_IMC_Tonsil_Citra_20min",2.97475884023493,"large",2.85310342689298,3.09641425357688
"pSTAT5","Stanford_IMC_Tonsil_Tris_20min","Stanford_IMC_Tonsil_Tris_40min",-0.103567217538906,"",-0.196221071665808,-0.0109133634120041
"pSTAT5","Stanford_IMC_Tonsil_Tris_20min","Stanford_IMC_Tonsil_Citra_20min",0.898191293551251,"large",0.797041009644287,0.999341577458215
"pSTAT5","Stanford_IMC_Tonsil_Tris_40min","Stanford_IMC_Tonsil_Citra_20min",0.970900160646336,"large",0.889054261928182,1.05274605936449
