"Marker","Condition1","Condition2","Cohens_d","Size_of_effect","Lower_CI","Upper_CI"
"CD11b","Stanford_IMC_Tonsil_Tris_10min","Stanford_IMC_Tonsil_Tris_40min",1.36379857181167,"large",1.27627218941203,1.45132495421131
"CD11b","Stanford_IMC_Tonsil_Tris_10min","Stanford_IMC_Tonsil_Citra_20min",1.88200341256425,"large",1.7813013194868,1.98270550564171
"CD11c","Stanford_IMC_Tonsil_Tris_10min","Stanford_IMC_Tonsil_Tris_20min",0.829210264062157,"large",0.727328020249159,0.931092507875154
"CD11c","Stanford_IMC_Tonsil_Tris_10min","Stanford_IMC_Tonsil_Citra_20min",1.07686158024611,"large",0.987142383065816,1.1665807774264
"CD11c","Stanford_IMC_Tonsil_Tris_40min","Stanford_IMC_Tonsil_Citra_20min",0.871852407903774,"large",0.790833164909686,0.952871650897862
"CD14","Stanford_IMC_Tonsil_Tris_10min","Stanford_IMC_Tonsil_Tris_20min",1.18931559618736,"large",1.08347948389836,1.29515170847635
"CD14","Stanford_IMC_Tonsil_Tris_10min","Stanford_IMC_Tonsil_Tris_40min",1.26056407987031,"large",1.17422164388914,1.34690651585149
"CD14","Stanford_IMC_Tonsil_Tris_10min","Stanford_IMC_Tonsil_Citra_20min",2.07460789648662,"large",1.97063718316357,2.17857860980967
"CD14","Stanford_IMC_Tonsil_Tris_40min","Stanford_IMC_Tonsil_Citra_20min",0.916866668760259,"large",0.835481716314325,0.998251621206194
"CD16","Stanford_IMC_Tonsil_Tris_10min","Stanford_IMC_Tonsil_Tris_20min",2.20735708941088,"large",2.08444100598617,2.33027317283559
"CD16","Stanford_IMC_Tonsil_Tris_10min","Stanford_IMC_Tonsil_Tris_40min",1.44750684015705,"large",1.35896491020803,1.53604877010608
"CD16","Stanford_IMC_Tonsil_Tris_10min","Stanford_IMC_Tonsil_Citra_20min",2.13996048958595,"large",2.03483339438298,2.24508758478892
"CD163","Stanford_IMC_Tonsil_Tris_10min","Stanford_IMC_Tonsil_Tris_20min",1.14045462244369,"large",1.03522790204479,1.2456813428426
"CD163","Stanford_IMC_Tonsil_Tris_10min","Stanford_IMC_Tonsil_Tris_40min",1.32387142968464,"large",1.23681207266287,1.41093078670642
"CD163","Stanford_IMC_Tonsil_Tris_10min","Stanford_IMC_Tonsil_Citra_20min",1.35341835909076,"large",1.26046909243946,1.44636762574206
"CD20","Stanford_IMC_Tonsil_Tris_20min","Stanford_IMC_Tonsil_Citra_20min",0.849016842599362,"large",0.748326937904429,0.949706747294294
"CD20","Stanford_IMC_Tonsil_Tris_40min","Stanford_IMC_Tonsil_Citra_20min",0.831350111546656,"large",0.75064550790715,0.912054715186163
"CD209","Stanford_IMC_Tonsil_Tris_10min","Stanford_IMC_Tonsil_Tris_20min",1.24141811274118,"large",1.1349081166718,1.34792810881056
"CD209","Stanford_IMC_Tonsil_Tris_10min","Stanford_IMC_Tonsil_Tris_40min",1.20550653770004,"large",1.1197635937732,1.29124948162687
"CD209","Stanford_IMC_Tonsil_Tris_10min","Stanford_IMC_Tonsil_Citra_20min",1.65141362768662,"large",1.55432788255185,1.74849937282139
"CD3","Stanford_IMC_Tonsil_Tris_20min","Stanford_IMC_Tonsil_Citra_20min",0.944022763939542,"large",0.842422098916496,1.04562342896259
"CD31","Stanford_IMC_Tonsil_Tris_10min","Stanford_IMC_Tonsil_Tris_20min",1.16654130301884,"large",1.06099197277919,1.27209063325849
"CD31","Stanford_IMC_Tonsil_Tris_10min","Stanford_IMC_Tonsil_Tris_40min",1.03936810410362,"large",0.955293888785255,1.12344231942198
"CD31","Stanford_IMC_Tonsil_Tris_10min","Stanford_IMC_Tonsil_Citra_20min",0.81898038750036,"large",0.731685843642786,0.906274931357935
"CD4","Stanford_IMC_Tonsil_Tris_10min","Stanford_IMC_Tonsil_Citra_20min",1.05416129856639,"large",0.964679081965158,1.14364351516762
"CD4","Stanford_IMC_Tonsil_Tris_20min","Stanford_IMC_Tonsil_Tris_40min",0.804584059256126,"large",0.708862393638086,0.900305724874167
"CD4","Stanford_IMC_Tonsil_Tris_20min","Stanford_IMC_Tonsil_Citra_20min",1.37162752936575,"large",1.26488667786886,1.47836838086265
"CD44","Stanford_IMC_Tonsil_Tris_10min","Stanford_IMC_Tonsil_Tris_20min",1.0155813994565,"large",0.911810193712656,1.11935260520035
"CD44","Stanford_IMC_Tonsil_Tris_10min","Stanford_IMC_Tonsil_Tris_40min",1.5379612783523,"large",1.44826813924192,1.62765441746268
"CD44","Stanford_IMC_Tonsil_Tris_10min","Stanford_IMC_Tonsil_Citra_20min",1.65353993208861,"large",1.55642242047191,1.75065744370531
"CD45RA","Stanford_IMC_Tonsil_Tris_10min","Stanford_IMC_Tonsil_Tris_40min",0.99277168095853,"large",0.909126436490255,1.0764169254268
"CD45RO","Stanford_IMC_Tonsil_Tris_10min","Stanford_IMC_Tonsil_Tris_20min",1.1865179649589,"large",1.08071733798321,1.29231859193459
"CD45RO","Stanford_IMC_Tonsil_Tris_10min","Stanford_IMC_Tonsil_Tris_40min",1.9246976081404,"large",1.82950124114649,2.01989397513431
"CD45RO","Stanford_IMC_Tonsil_Tris_10min","Stanford_IMC_Tonsil_Citra_20min",1.67548450904556,"large",1.57803737625518,1.77293164183594
"CD56","Stanford_IMC_Tonsil_Tris_10min","Stanford_IMC_Tonsil_Tris_20min",1.14766028611284,"large",1.04234508543922,1.25297548678646
"CD56","Stanford_IMC_Tonsil_Tris_10min","Stanford_IMC_Tonsil_Tris_40min",0.906513689770177,"large",0.823615871114586,0.989411508425768
"CD56","Stanford_IMC_Tonsil_Tris_10min","Stanford_IMC_Tonsil_Citra_20min",1.74740405342822,"large",1.64885430194833,1.84595380490811
"CD56","Stanford_IMC_Tonsil_Tris_20min","Stanford_IMC_Tonsil_Citra_20min",0.870535515048826,"large",0.769647080327075,0.971423949770577
"CD56","Stanford_IMC_Tonsil_Tris_40min","Stanford_IMC_Tonsil_Citra_20min",1.24649748268801,"large",1.16194261260996,1.33105235276607
"CD66a","Stanford_IMC_Tonsil_Tris_10min","Stanford_IMC_Tonsil_Tris_20min",1.80430681313274,"large",1.68906162124929,1.9195520050162
"CD66a","Stanford_IMC_Tonsil_Tris_10min","Stanford_IMC_Tonsil_Tris_40min",0.960383318128166,"large",0.877025884632736,1.0437407516236
"CD66a","Stanford_IMC_Tonsil_Tris_10min","Stanford_IMC_Tonsil_Citra_20min",1.36625328094147,"large",1.27313931793974,1.45936724394319
"CD68","Stanford_IMC_Tonsil_Tris_10min","Stanford_IMC_Tonsil_Tris_20min",1.89665968845293,"large",1.77975099640781,2.01356838049805
"CD68","Stanford_IMC_Tonsil_Tris_10min","Stanford_IMC_Tonsil_Tris_40min",2.34815519517048,"large",2.24599293496666,2.4503174553743
"CD68","Stanford_IMC_Tonsil_Tris_10min","Stanford_IMC_Tonsil_Citra_20min",1.13317975807981,"large",1.04285368191752,1.22350583424211
"Collagen","Stanford_IMC_Tonsil_Tris_20min","Stanford_IMC_Tonsil_Citra_20min",0.886419273352345,"large",0.78538136655519,0.9874571801495
"Desmin","Stanford_IMC_Tonsil_Tris_10min","Stanford_IMC_Tonsil_Citra_20min",1.34739213137206,"large",1.25451975619487,1.44026450654924
"Desmin","Stanford_IMC_Tonsil_Tris_20min","Stanford_IMC_Tonsil_Citra_20min",1.03708641732466,"large",0.934509147428872,1.13966368722045
"Desmin","Stanford_IMC_Tonsil_Tris_40min","Stanford_IMC_Tonsil_Citra_20min",0.948722588935689,"large",0.867068757772585,1.03037642009879
"FOXP3","Stanford_IMC_Tonsil_Tris_10min","Stanford_IMC_Tonsil_Tris_20min",1.42589711868284,"large",1.31680837814836,1.53498585921731
"FOXP3","Stanford_IMC_Tonsil_Tris_10min","Stanford_IMC_Tonsil_Tris_40min",0.993923970422426,"large",0.910268329152247,1.07757961169261
"FOXP3","Stanford_IMC_Tonsil_Tris_10min","Stanford_IMC_Tonsil_Citra_20min",2.07924257658111,"large",1.97519061860619,2.18329453455603
"FOXP3","Stanford_IMC_Tonsil_Tris_40min","Stanford_IMC_Tonsil_Citra_20min",0.886842844092127,"large",0.805703676975183,0.967982011209072
"Granzyme B","Stanford_IMC_Tonsil_Tris_10min","Stanford_IMC_Tonsil_Citra_20min",2.12074670404662,"large",2.01596197636416,2.22553143172907
"Granzyme B","Stanford_IMC_Tonsil_Tris_20min","Stanford_IMC_Tonsil_Citra_20min",1.59475208561107,"large",1.4847091623384,1.70479500888373
"Granzyme B","Stanford_IMC_Tonsil_Tris_40min","Stanford_IMC_Tonsil_Citra_20min",2.41862814349439,"large",2.31704857867358,2.5202077083152
"HLADR","Stanford_IMC_Tonsil_Tris_10min","Stanford_IMC_Tonsil_Citra_20min",0.866824724609813,"large",0.779125558001856,0.95452389121777
"Ki67","Stanford_IMC_Tonsil_Tris_10min","Stanford_IMC_Tonsil_Citra_20min",0.900863527215698,"large",0.812863721441798,0.988863332989598
"Ki67","Stanford_IMC_Tonsil_Tris_40min","Stanford_IMC_Tonsil_Citra_20min",1.14660613293366,"large",1.06310047869293,1.23011178717439
"Neurofilament","Stanford_IMC_Tonsil_Tris_10min","Stanford_IMC_Tonsil_Tris_20min",2.12089169085659,"large",1.99970789594546,2.24207548576771
"Neurofilament","Stanford_IMC_Tonsil_Tris_10min","Stanford_IMC_Tonsil_Tris_40min",1.62814844577076,"large",1.53725390653961,1.71904298500191
"Neurofilament","Stanford_IMC_Tonsil_Tris_10min","Stanford_IMC_Tonsil_Citra_20min",2.83182077659858,"large",2.71319777627943,2.95044377691773
"Neurofilament","Stanford_IMC_Tonsil_Tris_20min","Stanford_IMC_Tonsil_Citra_20min",0.867252443184093,"large",0.766394593626352,0.968110292741833
"Neurofilament","Stanford_IMC_Tonsil_Tris_40min","Stanford_IMC_Tonsil_Citra_20min",1.23203737244245,"large",1.1476389760129,1.316435768872
"PD1","Stanford_IMC_Tonsil_Tris_10min","Stanford_IMC_Tonsil_Tris_40min",1.66432890563603,"large",1.57293783175222,1.75571997951983
"PD1","Stanford_IMC_Tonsil_Tris_10min","Stanford_IMC_Tonsil_Citra_20min",2.03723062369444,"large",1.93391078746466,2.14055045992422
"PD1","Stanford_IMC_Tonsil_Tris_20min","Stanford_IMC_Tonsil_Citra_20min",0.891402859169394,"large",0.790317544198774,0.992488174140014
"PDL1","Stanford_IMC_Tonsil_Tris_10min","Stanford_IMC_Tonsil_Tris_20min",1.73121005773833,"large",1.61723877486891,1.84518134060774
"PDL1","Stanford_IMC_Tonsil_Tris_10min","Stanford_IMC_Tonsil_Tris_40min",1.0767740711755,"large",0.992342930749979,1.16120521160102
"PDL1","Stanford_IMC_Tonsil_Tris_10min","Stanford_IMC_Tonsil_Citra_20min",1.87136992091236,"large",1.77084194420724,1.97189789761747
"PanCK","Stanford_IMC_Tonsil_Tris_10min","Stanford_IMC_Tonsil_Tris_20min",1.89580687561153,"large",1.77891381363747,2.01269993758559
"PanCK","Stanford_IMC_Tonsil_Tris_10min","Stanford_IMC_Tonsil_Citra_20min",1.09523031345398,"large",1.0053161294853,1.18514449742266
"PanCK","Stanford_IMC_Tonsil_Tris_40min","Stanford_IMC_Tonsil_Citra_20min",1.15617452947207,"large",1.07257161524877,1.23977744369537
"Podoplanin","Stanford_IMC_Tonsil_Tris_10min","Stanford_IMC_Tonsil_Citra_20min",2.09417024331103,"large",1.98985580883199,2.19848467779007
"Podoplanin","Stanford_IMC_Tonsil_Tris_20min","Stanford_IMC_Tonsil_Citra_20min",1.59625399479153,"large",1.48618752254931,1.70632046703374
"Podoplanin","Stanford_IMC_Tonsil_Tris_40min","Stanford_IMC_Tonsil_Citra_20min",1.31243454064682,"large",1.22714687469382,1.39772220659981
"SOX9","Stanford_IMC_Tonsil_Tris_10min","Stanford_IMC_Tonsil_Tris_20min",1.84022131361672,"large",1.72433625787885,1.9561063693546
"SOX9","Stanford_IMC_Tonsil_Tris_10min","Stanford_IMC_Tonsil_Tris_40min",1.28416961092529,"large",1.19756327232336,1.37077594952722
"SOX9","Stanford_IMC_Tonsil_Tris_10min","Stanford_IMC_Tonsil_Citra_20min",2.81671621302488,"large",2.6984093379383,2.93502308811146
"SOX9","Stanford_IMC_Tonsil_Tris_20min","Stanford_IMC_Tonsil_Citra_20min",0.872620957846958,"large",0.771713039914463,0.973528875779453
"SOX9","Stanford_IMC_Tonsil_Tris_40min","Stanford_IMC_Tonsil_Citra_20min",1.23231258082797,"large",1.14791122070419,1.31671394095174
"VEGF","Stanford_IMC_Tonsil_Tris_10min","Stanford_IMC_Tonsil_Tris_20min",0.908135999404914,"large",0.805496228473176,1.01077577033665
"VEGF","Stanford_IMC_Tonsil_Tris_10min","Stanford_IMC_Tonsil_Citra_20min",1.95286838935946,"large",1.85098864469322,2.0547481340257
"VEGF","Stanford_IMC_Tonsil_Tris_20min","Stanford_IMC_Tonsil_Citra_20min",1.17474581407997,"large",1.07057575854975,1.2789158696102
"VEGF","Stanford_IMC_Tonsil_Tris_40min","Stanford_IMC_Tonsil_Citra_20min",1.62131298486495,"large",1.53219278991818,1.71043317981172
"aSMA","Stanford_IMC_Tonsil_Tris_10min","Stanford_IMC_Tonsil_Tris_40min",1.01886147491921,"large",0.934978198225467,1.10274475161296
"aSMA","Stanford_IMC_Tonsil_Tris_10min","Stanford_IMC_Tonsil_Citra_20min",0.835553360646449,"large",0.748121047878939,0.922985673413958
"pCREB","Stanford_IMC_Tonsil_Tris_10min","Stanford_IMC_Tonsil_Tris_20min",1.54462641933764,"large",1.43372624140897,1.65552659726631
"pCREB","Stanford_IMC_Tonsil_Tris_10min","Stanford_IMC_Tonsil_Tris_40min",1.22302693545025,"large",1.13709567514666,1.30895819575384
"pMK2","Stanford_IMC_Tonsil_Tris_10min","Stanford_IMC_Tonsil_Tris_20min",1.45698683253008,"large",1.34743491584742,1.56653874921273
"pMK2","Stanford_IMC_Tonsil_Tris_10min","Stanford_IMC_Tonsil_Tris_40min",1.06710699922705,"large",0.982769164486361,1.15144483396773
"pMK2","Stanford_IMC_Tonsil_Tris_10min","Stanford_IMC_Tonsil_Citra_20min",0.889853514540455,"large",0.801952105521575,0.977754923559335
"pNFkB","Stanford_IMC_Tonsil_Tris_10min","Stanford_IMC_Tonsil_Tris_20min",1.8480306857124,"large",1.73200530026496,1.96405607115984
"pNFkB","Stanford_IMC_Tonsil_Tris_10min","Stanford_IMC_Tonsil_Tris_40min",1.58091310536134,"large",1.49065434181981,1.67117186890288
"pNFkB","Stanford_IMC_Tonsil_Tris_10min","Stanford_IMC_Tonsil_Citra_20min",2.95259527437922,"large",2.83141478320119,3.07377576555724
"pNFkB","Stanford_IMC_Tonsil_Tris_20min","Stanford_IMC_Tonsil_Citra_20min",1.17340415125769,"large",1.06925045144514,1.27755785107025
"pNFkB","Stanford_IMC_Tonsil_Tris_40min","Stanford_IMC_Tonsil_Citra_20min",1.39944520302557,"large",1.31314317530881,1.48574723074233
"pS6","Stanford_IMC_Tonsil_Tris_10min","Stanford_IMC_Tonsil_Tris_20min",2.12564884540666,"large",2.00437091084927,2.24692677996405
"pS6","Stanford_IMC_Tonsil_Tris_10min","Stanford_IMC_Tonsil_Tris_40min",1.13026892460037,"large",1.04530819960552,1.21522964959523
"pS6","Stanford_IMC_Tonsil_Tris_10min","Stanford_IMC_Tonsil_Citra_20min",1.75480041505785,"large",1.65613535677281,1.85346547334289
"pSTAT1","Stanford_IMC_Tonsil_Tris_10min","Stanford_IMC_Tonsil_Tris_20min",2.08108390724237,"large",1.9606824320891,2.20148538239564
"pSTAT1","Stanford_IMC_Tonsil_Tris_10min","Stanford_IMC_Tonsil_Tris_40min",1.92377432328488,"large",1.82859213742924,2.01895650914052
"pSTAT1","Stanford_IMC_Tonsil_Tris_10min","Stanford_IMC_Tonsil_Citra_20min",2.37167383725215,"large",2.2622688721755,2.48107880232879
"pSTAT3","Stanford_IMC_Tonsil_Tris_10min","Stanford_IMC_Tonsil_Tris_20min",1.32013226931528,"large",1.21255811928166,1.4277064193489
"pSTAT3","Stanford_IMC_Tonsil_Tris_10min","Stanford_IMC_Tonsil_Tris_40min",1.43488093912438,"large",1.34649529671254,1.52326658153623
"pSTAT3","Stanford_IMC_Tonsil_Tris_10min","Stanford_IMC_Tonsil_Citra_20min",2.18428030422076,"large",2.07835603255934,2.29020457588219
"pSTAT3","Stanford_IMC_Tonsil_Tris_20min","Stanford_IMC_Tonsil_Citra_20min",0.989808068663518,"large",0.887737235154712,1.09187890217232
"pSTAT5","Stanford_IMC_Tonsil_Tris_10min","Stanford_IMC_Tonsil_Tris_20min",2.14795482867374,"large",2.0262336488044,2.26967600854307
"pSTAT5","Stanford_IMC_Tonsil_Tris_10min","Stanford_IMC_Tonsil_Tris_40min",1.75320783087194,"large",1.66056270997425,1.84585295176963
"pSTAT5","Stanford_IMC_Tonsil_Tris_10min","Stanford_IMC_Tonsil_Citra_20min",2.97475884023493,"large",2.85310342689298,3.09641425357688
"pSTAT5","Stanford_IMC_Tonsil_Tris_20min","Stanford_IMC_Tonsil_Citra_20min",0.898191293551251,"large",0.797041009644287,0.999341577458215
"pSTAT5","Stanford_IMC_Tonsil_Tris_40min","Stanford_IMC_Tonsil_Citra_20min",0.970900160646336,"large",0.889054261928182,1.05274605936449
