"Staining_condition","CD68","aSMA","CD45RO","CD45RA","CD14","CD209","CD16","CD163","pS6","CD11b","PDL1","PD1","pSTAT3","CD4","pMK2","CD31","CD20","CD8a","CD3","Granzyme B","Ki67","Collagen","CD44","CD66a","CD11c","HLADR","SOX9","TenascinC","PanCK","CD15","Podoplanin","Total_Z_Rank"
"Stanford_IMC_Tonsil_Tris_10min",1,1,1,1,1,NA,NA,1,1,1,1,NA,NA,1,NA,2,4,3,3,3,2,3,2,1,1,2,1,NA,2,3,1,43
"Stanford_IMC_Tonsil_Tris_40min",2,3,2,3,2,1,2,3,2,2,3,1,2,3,2,1,2,1,2,1,1,2,3,2,2,1,3,1,4,2,2,63
"Stanford_IMC_Tonsil_Tris_20min",3,4,3,4,3,2,1,2,3,4,2,2,1,2,1,4,1,2,1,2,3,1,1,3,4,4,2,2,1,1,3,72
"Stanford_IMC_Tonsil_Citra_20min",4,2,4,2,4,NA,NA,4,4,3,4,NA,NA,NA,NA,3,3,4,4,4,4,4,4,4,3,3,NA,NA,3,4,4,82
