"Marker","Condition1","Condition2","Cohens_d","Size_of_effect","Lower_CI","Upper_CI"
"CD163","Stanford_Slide5","Stanford_Slide22",0.847713317664229,"large",0.835892550344556,0.859534084983901
"CD163","Stanford_Slide5","Stanford_Slide6",0.858569486046291,"large",0.846787652836093,0.870351319256489
"CD163","Stanford_Slide5","Stanford_Slide8",1.27582100912629,"large",1.26354990563148,1.28809211262111
"CD163","Stanford_Slide15","Stanford_Slide8",1.08325708445355,"large",1.07158122793227,1.09493294097483
"CD163","Stanford_Slide16","Stanford_Slide6",0.805926639006059,"large",0.794549183979386,0.817304094032732
"CD163","Stanford_Slide16","Stanford_Slide8",1.21373276938458,"large",1.20192136454429,1.22554417422486
"CD163","Stanford_Slide21","Stanford_Slide8",1.19585101131405,"large",1.18390117368524,1.20780084894287
"CD163","Stanford_Slide23","Stanford_Slide24",1.65054617797148,"large",1.63764790375166,1.6634444521913
"CD163","Stanford_Slide23","Stanford_Slide8",2.21014878226902,"large",2.19613388704178,2.22416367749626
"CD163","Stanford_Slide23","Stanford_Slide13",0.852871339215509,"large",0.841237413608288,0.86450526482273
"CD163","Stanford_Slide23","Stanford_Slide14",1.50056006748286,"large",1.4877932733692,1.51332686159652
"CD163","Stanford_Slide7","Stanford_Slide8",1.63835947429839,"large",1.62611438451445,1.65060456408233
"CD163","Stanford_Slide7","Stanford_Slide14",0.85757862748801,"large",0.846256251259334,0.868901003716686
"CD31","Stanford_Slide15","Stanford_Slide22",0.881749896178802,"large",0.870184723980338,0.893315068377266
"CD31","Stanford_Slide16","Stanford_Slide22",1.19591851244775,"large",1.18398426578575,1.20785275910975
"CD31","Stanford_Slide16","Stanford_Slide6",1.01261551398158,"large",1.00099349152081,1.02423753644235
"CD31","Stanford_Slide21","Stanford_Slide22",1.01006311346299,"large",0.998230254894014,1.02189597203196
"CD31","Stanford_Slide21","Stanford_Slide6",0.831292203438886,"large",0.819729109264482,0.842855297613291
"CD31","Stanford_Slide23","Stanford_Slide24",2.2278495867497,"large",2.21366923559262,2.24202993790678
"CD31","Stanford_Slide23","Stanford_Slide7",1.40898233178964,"large",1.39687726785259,1.42108739572668
"CD31","Stanford_Slide23","Stanford_Slide8",2.82799882312614,"large",2.81238424027196,2.84361340598032
"CD31","Stanford_Slide23","Stanford_Slide14",2.02697270456564,"large",2.01309774885409,2.04084766027719
"CD31","Stanford_Slide7","Stanford_Slide8",1.15897852184887,"large",1.14752665727098,1.17043038642677
"CD3e","Stanford_Slide5","Stanford_Slide22",0.908093397604523,"large",0.896201095533723,0.919985699675322
"CD3e","Stanford_Slide5","Stanford_Slide6",1.3687142848395,"large",1.35619149646372,1.38123707321529
"CD3e","Stanford_Slide5","Stanford_Slide24",0.928474100266941,"large",0.916600304567219,0.940347895966664
"CD3e","Stanford_Slide5","Stanford_Slide8",2.15783070201047,"large",2.14376768163593,2.171893722385
"CD3e","Stanford_Slide15","Stanford_Slide8",1.46530980200361,"large",1.45303008034028,1.47758952366694
"CD3e","Stanford_Slide16","Stanford_Slide6",1.05771581799851,"large",1.04603383508884,1.06939780090817
"CD3e","Stanford_Slide16","Stanford_Slide8",1.76497948109528,"large",1.75218537062552,1.77777359156504
"CD3e","Stanford_Slide21","Stanford_Slide8",1.53796464732721,"large",1.52543684697635,1.55049244767807
"CD3e","Stanford_Slide22","Stanford_Slide8",1.24063573453105,"large",1.22868386312666,1.25258760593543
"CD3e","Stanford_Slide6","Stanford_Slide8",0.818563097298073,"large",0.807220853591834,0.829905341004311
"CD3e","Stanford_Slide23","Stanford_Slide24",1.63318692214485,"large",1.62032295627148,1.64605088801823
"CD3e","Stanford_Slide23","Stanford_Slide7",0.862328053843616,"large",0.850996159284642,0.873659948402589
"CD3e","Stanford_Slide23","Stanford_Slide8",2.90554005948487,"large",2.88971019019314,2.9213699287766
"CD3e","Stanford_Slide23","Stanford_Slide14",1.41076766799898,"large",1.39816469985828,1.42337063613967
"CD3e","Stanford_Slide24","Stanford_Slide8",1.10145094501479,"large",1.08975034032077,1.11315154970882
"CD3e","Stanford_Slide7","Stanford_Slide8",2.04800145154091,"large",2.03492056732963,2.06108233575219
"CD4","Stanford_Slide5","Stanford_Slide22",1.01780052677114,"large",1.00576692756387,1.02983412597842
"CD4","Stanford_Slide5","Stanford_Slide24",1.12825641821958,"large",1.11611107325744,1.14040176318172
"CD4","Stanford_Slide5","Stanford_Slide8",1.79658575232537,"large",1.78333772318,1.80983378147074
"CD4","Stanford_Slide15","Stanford_Slide8",1.39191220984957,"large",1.37976001324202,1.40406440645713
"CD4","Stanford_Slide16","Stanford_Slide22",1.01249922759505,"large",1.00082404577077,1.02417440941933
"CD4","Stanford_Slide16","Stanford_Slide24",1.12142898653201,"large",1.10964984415497,1.13320812890906
"CD4","Stanford_Slide16","Stanford_Slide8",1.72276513837988,"large",1.71005604206899,1.73547423469078
"CD4","Stanford_Slide21","Stanford_Slide8",1.25378526856696,"large",1.24174594563341,1.26582459150051
"CD4","Stanford_Slide6","Stanford_Slide8",1.17493576255808,"large",1.16313807889123,1.18673344622493
"CD4","Stanford_Slide23","Stanford_Slide24",2.61172936723251,"large",2.59656728804529,2.62689144641972
"CD4","Stanford_Slide23","Stanford_Slide7",1.01381073738351,"large",1.00229728421891,1.02532419054811
"CD4","Stanford_Slide23","Stanford_Slide8",3.23799387570891,"large",3.22121042070454,3.25477733071328
"CD4","Stanford_Slide23","Stanford_Slide13",1.76578379208183,"large",1.75265367203885,1.77891391212482
"CD4","Stanford_Slide23","Stanford_Slide14",1.89473527665506,"large",1.88116069547188,1.90830985783824
"CD4","Stanford_Slide7","Stanford_Slide8",2.31102088000663,"large",2.29733948996719,2.32470227004606
"CD4","Stanford_Slide7","Stanford_Slide14",0.921733769491656,"large",0.910338107583982,0.93312943139933
"CD45RO","Stanford_Slide5","Stanford_Slide15",1.17894152880855,"large",1.16671949384455,1.19116356377255
"CD45RO","Stanford_Slide5","Stanford_Slide21",1.23007733440486,"large",1.21766464159619,1.24249002721353
"CD45RO","Stanford_Slide5","Stanford_Slide22",3.41814198122857,"large",3.40038873888853,3.43589522356861
"CD45RO","Stanford_Slide5","Stanford_Slide6",1.96332776974097,"large",1.9496083598851,1.97704717959683
"CD45RO","Stanford_Slide5","Stanford_Slide24",3.72267207470113,"large",3.70403656885837,3.74130758054389
"CD45RO","Stanford_Slide5","Stanford_Slide8",4.49306813382847,"large",4.47209743283263,4.5140388348243
"CD45RO","Stanford_Slide5","Stanford_Slide14",2.26325155097609,"large",2.24862987923425,2.27787322271793
"CD45RO","Stanford_Slide15","Stanford_Slide22",1.26846878089453,"large",1.25636821929426,1.28056934249481
"CD45RO","Stanford_Slide15","Stanford_Slide24",1.23411356779887,"large",1.22211320295189,1.24611393264585
"CD45RO","Stanford_Slide15","Stanford_Slide8",2.1008009271136,"large",2.08721929718503,2.11438255704217
"CD45RO","Stanford_Slide16","Stanford_Slide22",1.61603969426572,"large",1.60338013468091,1.62869925385053
"CD45RO","Stanford_Slide16","Stanford_Slide6",0.861015192897285,"large",0.849577504836046,0.872452880958523
"CD45RO","Stanford_Slide16","Stanford_Slide24",1.59351136066809,"large",1.5809433068169,1.60607941451928
"CD45RO","Stanford_Slide16","Stanford_Slide8",2.33568541930912,"large",2.32160877691825,2.34976206169998
"CD45RO","Stanford_Slide16","Stanford_Slide14",0.904873703431131,"large",0.893231516734974,0.916515890127289
"CD45RO","Stanford_Slide21","Stanford_Slide22",2.38178256497696,"large",2.36721445411525,2.39635067583866
"CD45RO","Stanford_Slide21","Stanford_Slide6",1.02499975599158,"large",1.01319997030013,1.03679954168304
"CD45RO","Stanford_Slide21","Stanford_Slide24",2.54365288757926,"large",2.52872300591999,2.55858276923852
"CD45RO","Stanford_Slide21","Stanford_Slide8",3.50880939024677,"large",3.49127664659871,3.52634213389483
"CD45RO","Stanford_Slide21","Stanford_Slide14",1.18964485929279,"large",1.17745197809771,1.20183774048788
"CD45RO","Stanford_Slide22","Stanford_Slide8",1.09266186687717,"large",1.08092816876856,1.10439556498578
"CD45RO","Stanford_Slide6","Stanford_Slide24",0.940559652915337,"large",0.928977367827664,0.95214193800301
"CD45RO","Stanford_Slide6","Stanford_Slide8",1.96315237663115,"large",1.94989046270566,1.97641429055664
"CD45RO","Stanford_Slide23","Stanford_Slide24",5.7159085351596,"large",5.69079455405602,5.74102251626319
"CD45RO","Stanford_Slide23","Stanford_Slide7",1.09730715098353,"large",1.08568251454273,1.10893178742433
"CD45RO","Stanford_Slide23","Stanford_Slide8",6.23435041228222,"large",6.2076323299764,6.26106849458803
"CD45RO","Stanford_Slide23","Stanford_Slide13",1.93525371267002,"large",1.92175848324887,1.94874894209116
"CD45RO","Stanford_Slide23","Stanford_Slide14",4.13377622601937,"large",4.11380437993653,4.15374807210221
"CD45RO","Stanford_Slide24","Stanford_Slide8",1.35632448780719,"large",1.3442327539813,1.36841622163308
"CD45RO","Stanford_Slide7","Stanford_Slide8",5.149508032924,"large",5.12750760817817,5.17150845766982
"CD45RO","Stanford_Slide7","Stanford_Slide13",0.951261321743647,"large",0.939981017162991,0.962541626324302
"CD45RO","Stanford_Slide7","Stanford_Slide14",3.01989591081694,"large",3.00406929993069,3.03572252170319
"CD45RO","Stanford_Slide13","Stanford_Slide14",1.78179337817478,"large",1.76863446083735,1.79495229551222
"CD68","Stanford_Slide5","Stanford_Slide15",0.845494323524108,"large",0.833718844616894,0.857269802431321
"CD68","Stanford_Slide5","Stanford_Slide22",1.28517288052339,"large",1.27273664874343,1.29760911230335
"CD68","Stanford_Slide5","Stanford_Slide6",1.34488137657959,"large",1.33239958164095,1.35736317151824
"CD68","Stanford_Slide5","Stanford_Slide24",0.857653254244048,"large",0.845864314089786,0.869442194398311
"CD68","Stanford_Slide5","Stanford_Slide8",1.80930620253163,"large",1.79603122705733,1.82258117800593
"CD68","Stanford_Slide5","Stanford_Slide14",1.00873461040578,"large",0.996612618761923,1.02085660204964
"CD68","Stanford_Slide15","Stanford_Slide22",0.823199251055573,"large",0.811700028551539,0.834698473559607
"CD68","Stanford_Slide15","Stanford_Slide6",0.996912210928799,"large",0.9852584720404,1.0085659498172
"CD68","Stanford_Slide15","Stanford_Slide8",1.07470196146064,"large",1.0630378565288,1.08636606639247
"CD68","Stanford_Slide16","Stanford_Slide22",0.892999491952191,"large",0.881472498670975,0.904526485233407
"CD68","Stanford_Slide16","Stanford_Slide6",1.05553225955198,"large",1.0438532326109,1.06721128649306
"CD68","Stanford_Slide16","Stanford_Slide8",1.13018193143631,"large",1.11849324349756,1.14187061937506
"CD68","Stanford_Slide21","Stanford_Slide22",1.18725297327723,"large",1.17516746675038,1.19933847980409
"CD68","Stanford_Slide21","Stanford_Slide6",1.27511134246813,"large",1.2629424476954,1.28728023724086
"CD68","Stanford_Slide21","Stanford_Slide8",1.64886756888509,"large",1.63612818828753,1.66160694948265
"CD68","Stanford_Slide21","Stanford_Slide14",0.817529930293644,"large",0.805830646942702,0.829229213644586
"CD68","Stanford_Slide23","Stanford_Slide24",2.09730485914461,"large",2.08343663736249,2.11117308092674
"CD68","Stanford_Slide23","Stanford_Slide7",0.881613820464145,"large",0.870260288328558,0.892967352599732
"CD68","Stanford_Slide23","Stanford_Slide8",2.7076288354578,"large",2.69234258987461,2.722915081041
"CD68","Stanford_Slide23","Stanford_Slide13",0.901209107530124,"large",0.889518839999716,0.912899375060532
"CD68","Stanford_Slide23","Stanford_Slide14",2.02536310795192,"large",2.01149188979761,2.03923432610623
"CD68","Stanford_Slide24","Stanford_Slide8",1.23364674041971,"large",1.22175178651895,1.24554169432046
"CD68","Stanford_Slide7","Stanford_Slide8",2.30861471177958,"large",2.29493901717924,2.32229040637992
"CD68","Stanford_Slide7","Stanford_Slide14",1.50228499018526,"large",1.49002178944988,1.51454819092064
"CD68","Stanford_Slide13","Stanford_Slide14",1.34165882510293,"large",1.32933548551432,1.35398216469153
"CD8a","Stanford_Slide5","Stanford_Slide22",1.30507866416445,"large",1.29260930715767,1.31754802117124
"CD8a","Stanford_Slide5","Stanford_Slide6",1.16941985340782,"large",1.15722136780697,1.18161833900868
"CD8a","Stanford_Slide5","Stanford_Slide24",1.35569679818593,"large",1.34318771602199,1.36820588034987
"CD8a","Stanford_Slide5","Stanford_Slide8",1.90202865851165,"large",1.88855323952107,1.91550407750223
"CD8a","Stanford_Slide5","Stanford_Slide14",0.867669631405121,"large",0.8557267745035,0.879612488306743
"CD8a","Stanford_Slide15","Stanford_Slide8",1.05636950073441,"large",1.04473030321395,1.06800869825488
"CD8a","Stanford_Slide21","Stanford_Slide22",0.969390018050071,"large",0.957610079610603,0.981169956489539
"CD8a","Stanford_Slide21","Stanford_Slide6",0.817578817358928,"large",0.806030769363058,0.829126865354799
"CD8a","Stanford_Slide21","Stanford_Slide24",0.989170026631048,"large",0.977408988192841,1.00093106506925
"CD8a","Stanford_Slide21","Stanford_Slide8",1.49606343201722,"large",1.48361261692571,1.50851424710874
"CD8a","Stanford_Slide23","Stanford_Slide24",2.20755956411356,"large",2.1934285007194,2.22169062750771
"CD8a","Stanford_Slide23","Stanford_Slide8",2.77062067742319,"large",2.75516351716292,2.78607783768347
"CD8a","Stanford_Slide23","Stanford_Slide14",1.67463878922297,"large",1.66153234303232,1.68774523541362
"CD8a","Stanford_Slide7","Stanford_Slide8",1.97251881618323,"large",1.95960155721286,1.9854360751536
"CD8a","Stanford_Slide7","Stanford_Slide14",0.960629900069637,"large",0.949187480092598,0.972072320046676
"CD8a","Stanford_Slide13","Stanford_Slide14",0.908253312558016,"large",0.896558798584662,0.91994782653137
"CK","Stanford_Slide5","Stanford_Slide8",0.927240367133981,"large",0.915466909204067,0.939013825063895
"CK","Stanford_Slide15","Stanford_Slide21",1.29231442082612,"large",1.28010841476253,1.30452042688971
"CK","Stanford_Slide15","Stanford_Slide22",1.61407746504597,"large",1.60136512370928,1.62678980638266
"CK","Stanford_Slide15","Stanford_Slide6",2.21300232066716,"large",2.1990468834045,2.22695775792983
"CK","Stanford_Slide15","Stanford_Slide24",1.80074993115133,"large",1.78771099834821,1.81378886395444
"CK","Stanford_Slide15","Stanford_Slide8",2.08646431236594,"large",2.0729155561232,2.10001306860868
"CK","Stanford_Slide16","Stanford_Slide21",2.33241730223992,"large",2.31809200016676,2.34674260431308
"CK","Stanford_Slide16","Stanford_Slide22",2.1681053900331,"large",2.15425587239393,2.18195490767226
"CK","Stanford_Slide16","Stanford_Slide6",2.98563213548007,"large",2.9697222555862,3.00154201537395
"CK","Stanford_Slide16","Stanford_Slide24",2.4675342785666,"large",2.45300328982562,2.48206526730758
"CK","Stanford_Slide16","Stanford_Slide8",2.60593540757667,"large",2.59117675317648,2.62069406197687
"CK","Stanford_Slide16","Stanford_Slide13",1.05203603470713,"large",1.04035563722699,1.06371643218727
"CK","Stanford_Slide16","Stanford_Slide14",0.954079291257356,"large",0.942376943976718,0.965781638537994
"CK","Stanford_Slide21","Stanford_Slide22",0.8902768339282,"large",0.878594220542542,0.901959447313858
"CK","Stanford_Slide21","Stanford_Slide6",1.33108258688161,"large",1.31882186492418,1.34334330883903
"CK","Stanford_Slide21","Stanford_Slide24",0.972843691230648,"large",0.961103645059325,0.98458373740197
"CK","Stanford_Slide21","Stanford_Slide8",1.42815091858433,"large",1.4158213251649,1.44048051200375
"CK","Stanford_Slide23","Stanford_Slide24",4.05371908871031,"large",4.034253235726,4.07318494169462
"CK","Stanford_Slide23","Stanford_Slide7",1.74652178945467,"large",1.73379083554331,1.75925274336604
"CK","Stanford_Slide23","Stanford_Slide8",3.78284601501396,"large",3.76440878963183,3.8012832403961
"CK","Stanford_Slide23","Stanford_Slide13",3.80829657220899,"large",3.78961884256499,3.82697430185298
"CK","Stanford_Slide23","Stanford_Slide14",2.82006166749678,"large",2.80413583869515,2.83598749629842
"CK","Stanford_Slide7","Stanford_Slide8",2.82166810028193,"large",2.8067041571197,2.83663204344416
"CK","Stanford_Slide7","Stanford_Slide13",1.3867688920192,"large",1.37486289868749,1.3986748853509
"CK","Stanford_Slide7","Stanford_Slide14",1.24362933948737,"large",1.23179603248444,1.25546264649029
"FOXP3","Stanford_Slide5","Stanford_Slide22",1.47907130257951,"large",1.46629492328031,1.49184768187872
"FOXP3","Stanford_Slide5","Stanford_Slide6",1.831788165007,"large",1.81836020619638,1.84521612381763
"FOXP3","Stanford_Slide5","Stanford_Slide24",1.52677072786548,"large",1.51395259307621,1.53958886265475
"FOXP3","Stanford_Slide5","Stanford_Slide8",2.13322571039833,"large",2.11922130275565,2.147230118041
"FOXP3","Stanford_Slide5","Stanford_Slide13",1.02024758979207,"large",1.00825720717741,1.03223797240674
"FOXP3","Stanford_Slide15","Stanford_Slide13",0.925196767176801,"large",0.913626685266489,0.936766849087113
"FOXP3","Stanford_Slide16","Stanford_Slide22",1.73658247741486,"large",1.72368415392638,1.74948080090335
"FOXP3","Stanford_Slide16","Stanford_Slide6",2.08011330668222,"large",2.06653103868145,2.093695574683
"FOXP3","Stanford_Slide16","Stanford_Slide24",1.72349384682243,"large",1.71067131080472,1.73631638284014
"FOXP3","Stanford_Slide16","Stanford_Slide8",2.37488141376732,"large",2.36070852487399,2.38905430266065
"FOXP3","Stanford_Slide16","Stanford_Slide13",1.0984441026518,"large",1.0866998818521,1.1101883234515
"FOXP3","Stanford_Slide16","Stanford_Slide14",0.886284581497999,"large",0.874664371011944,0.897904791984054
"FOXP3","Stanford_Slide21","Stanford_Slide22",1.58524224869718,"large",1.57246783866842,1.59801665872593
"FOXP3","Stanford_Slide21","Stanford_Slide6",2.00274392124288,"large",1.98915123735805,2.01633660512771
"FOXP3","Stanford_Slide21","Stanford_Slide24",1.76748903993866,"large",1.75439834197162,1.7805797379057
"FOXP3","Stanford_Slide21","Stanford_Slide8",2.28183646307015,"large",2.26769694412034,2.29597598201997
"FOXP3","Stanford_Slide21","Stanford_Slide13",1.05026503046302,"large",1.03842507883535,1.06210498209069
"FOXP3","Stanford_Slide21","Stanford_Slide14",0.829567629658837,"large",0.817854974445319,0.841280284872354
"FOXP3","Stanford_Slide6","Stanford_Slide13",0.890173253059271,"large",0.878653610181791,0.901692895936751
"FOXP3","Stanford_Slide23","Stanford_Slide24",2.91204638968293,"large",2.89605856959157,2.9280342097743
"FOXP3","Stanford_Slide23","Stanford_Slide7",1.15882034053991,"large",1.14710890986462,1.1705317712152
"FOXP3","Stanford_Slide23","Stanford_Slide8",2.80096034245861,"large",2.78542014555503,2.81650053936219
"FOXP3","Stanford_Slide23","Stanford_Slide13",1.09997521111042,"large",1.08802417207486,1.11192625014597
"FOXP3","Stanford_Slide23","Stanford_Slide14",0.898064564284907,"large",0.886231792221496,0.909897336348318
"FOXP3","Stanford_Slide24","Stanford_Slide8",1.42155076479206,"large",1.40934823551293,1.43375329407119
"FOXP3","Stanford_Slide24","Stanford_Slide13",0.9716027222857,"large",0.959975786645523,0.983229657925876
"FOXP3","Stanford_Slide7","Stanford_Slide8",2.4986778279304,"large",2.48454163166999,2.5128140241908
"FOXP3","Stanford_Slide7","Stanford_Slide13",1.10194366274293,"large",1.09046963811669,1.11341768736917
"FOXP3","Stanford_Slide7","Stanford_Slide14",0.876862940872287,"large",0.865519042279779,0.888206839464796
"FOXP3","Stanford_Slide8","Stanford_Slide13",0.82389824759119,"large",0.812544305826053,0.835252189356328
"HLAABC","Stanford_Slide15","Stanford_Slide21",0.852762770854271,"large",0.841166914915713,0.864358626792828
"HLAABC","Stanford_Slide15","Stanford_Slide22",0.980867299782366,"large",0.969181140937085,0.992553458627647
"HLAABC","Stanford_Slide15","Stanford_Slide8",0.930097945152937,"large",0.918619952901877,0.941575937403997
"HLAABC","Stanford_Slide16","Stanford_Slide21",1.35794790185579,"large",1.34568697705354,1.37020882665805
"HLAABC","Stanford_Slide16","Stanford_Slide22",1.50931348598618,"large",1.49685443932368,1.52177253264868
"HLAABC","Stanford_Slide16","Stanford_Slide6",1.25361544139037,"large",1.24164695353235,1.26558392924838
"HLAABC","Stanford_Slide16","Stanford_Slide8",1.40044665495807,"large",1.38833479957697,1.41255851033916
"HLAABC","Stanford_Slide23","Stanford_Slide8",0.892788242695339,"large",0.881204832595129,0.904371652795548
"HLAABC","Stanford_Slide24","Stanford_Slide8",1.15766782993467,"large",1.14588687830761,1.16944878156173
"HLAABC","Stanford_Slide7","Stanford_Slide8",1.13119252010217,"large",1.11977966691679,1.14260537328756
"PD1","Stanford_Slide5","Stanford_Slide24",0.873574106474479,"large",0.861766624775204,0.885381588173754
"PD1","Stanford_Slide15","Stanford_Slide24",1.21212386212468,"large",1.20015743804297,1.2240902862064
"PD1","Stanford_Slide15","Stanford_Slide8",0.810306313569304,"large",0.798964053699443,0.821648573439166
"PD1","Stanford_Slide16","Stanford_Slide22",0.828047280407756,"large",0.816593737529291,0.83950082328622
"PD1","Stanford_Slide16","Stanford_Slide24",1.29524039788157,"large",1.28319701049187,1.30728378527126
"PD1","Stanford_Slide16","Stanford_Slide8",0.966274256190959,"large",0.954804066987737,0.977744445394181
"PD1","Stanford_Slide21","Stanford_Slide22",2.08991523958708,"large",2.07605981048325,2.1037706686909
"PD1","Stanford_Slide21","Stanford_Slide6",2.01942281433022,"large",2.00579223357718,2.03305339508325
"PD1","Stanford_Slide21","Stanford_Slide24",2.57371275072456,"large",2.55870373669729,2.58872176475184
"PD1","Stanford_Slide21","Stanford_Slide7",1.12459939466097,"large",1.11297919595327,1.13621959336868
"PD1","Stanford_Slide21","Stanford_Slide8",2.45605314052516,"large",2.44147879829176,2.47062748275856
"PD1","Stanford_Slide21","Stanford_Slide14",1.75097098997643,"large",1.73775247687629,1.76418950307657
"PD1","Stanford_Slide6","Stanford_Slide24",0.833875047477772,"large",0.822416818124542,0.845333276831002
"PD1","Stanford_Slide23","Stanford_Slide24",2.37723144192561,"large",2.36267985091098,2.39178303294024
"PD1","Stanford_Slide23","Stanford_Slide7",1.13610256378653,"large",1.12442366312239,1.14778146445066
"PD1","Stanford_Slide23","Stanford_Slide8",2.21644506966599,"large",2.20241504213007,2.23047509720192
"PD1","Stanford_Slide23","Stanford_Slide14",1.65839123361545,"large",1.64531767455719,1.6714647926737
"PD1","Stanford_Slide7","Stanford_Slide8",0.909084963372196,"large",0.897953874529652,0.92021605221474
"PD1","Stanford_Slide13","Stanford_Slide14",1.56240518567575,"large",1.54968537168983,1.57512499966168
"PDL1","Stanford_Slide5","Stanford_Slide15",0.943335908428005,"large",0.931443038258381,0.955228778597629
"PDL1","Stanford_Slide5","Stanford_Slide22",1.34742763081788,"large",1.33488641004558,1.35996885159019
"PDL1","Stanford_Slide5","Stanford_Slide6",1.57328115392412,"large",1.56038313368467,1.58617917416358
"PDL1","Stanford_Slide5","Stanford_Slide24",2.35041651040402,"large",2.33575379061505,2.365079230193
"PDL1","Stanford_Slide5","Stanford_Slide8",3.0456172410788,"large",3.02919324266568,3.06204123949192
"PDL1","Stanford_Slide15","Stanford_Slide24",1.34488674413952,"large",1.33270770834931,1.35706577992972
"PDL1","Stanford_Slide15","Stanford_Slide8",1.94168420114306,"large",1.92845906097837,1.95490934130775
"PDL1","Stanford_Slide16","Stanford_Slide22",1.07847469105867,"large",1.0667106391937,1.09023874292363
"PDL1","Stanford_Slide16","Stanford_Slide6",1.23299929492667,"large",1.22106289971227,1.24493569014107
"PDL1","Stanford_Slide16","Stanford_Slide24",1.97068740970931,"large",1.9573418960134,1.98403292340523
"PDL1","Stanford_Slide16","Stanford_Slide8",2.55798784196284,"large",2.54335323273776,2.57262245118793
"PDL1","Stanford_Slide21","Stanford_Slide22",1.60721160854141,"large",1.59439466173355,1.62002855534927
"PDL1","Stanford_Slide21","Stanford_Slide6",1.8456161868921,"large",1.83236998470383,1.85886238908038
"PDL1","Stanford_Slide21","Stanford_Slide24",2.59033762054264,"large",2.57528462327915,2.60539061780614
"PDL1","Stanford_Slide21","Stanford_Slide8",3.27280552220707,"large",3.25597733708651,3.28963370732762
"PDL1","Stanford_Slide21","Stanford_Slide14",1.0599917586636,"large",1.04798921679283,1.07199430053437
"PDL1","Stanford_Slide22","Stanford_Slide24",0.893043720498035,"large",0.881465849662183,0.904621591333886
"PDL1","Stanford_Slide22","Stanford_Slide8",1.44960960565165,"large",1.43731076605484,1.46190844524845
"PDL1","Stanford_Slide6","Stanford_Slide24",0.913514308047371,"large",0.901964753761861,0.925063862332882
"PDL1","Stanford_Slide6","Stanford_Slide8",1.530541980381,"large",1.518154188807,1.542929771955
"PDL1","Stanford_Slide23","Stanford_Slide24",4.44102129525459,"large",4.42028647275971,4.46175611774947
"PDL1","Stanford_Slide23","Stanford_Slide7",2.41822291876408,"large",2.40397846261785,2.4324673749103
"PDL1","Stanford_Slide23","Stanford_Slide8",5.22290922717289,"large",5.19972725330559,5.24609120104019
"PDL1","Stanford_Slide23","Stanford_Slide13",2.00466624460684,"large",1.99101487594427,2.01831761326942
"PDL1","Stanford_Slide23","Stanford_Slide14",3.02240870764567,"large",3.00590331858791,3.03891409670343
"PDL1","Stanford_Slide7","Stanford_Slide8",3.17037785062343,"large",3.15446532536121,3.18629037588564
"PDL1","Stanford_Slide13","Stanford_Slide14",0.894547507907578,"large",0.882869367703967,0.90622564811119
"Vimentin","Stanford_Slide5","Stanford_Slide21",1.48222073804087,"large",1.46936997311011,1.49507150297163
"Vimentin","Stanford_Slide5","Stanford_Slide22",1.61031150880023,"large",1.59728371912004,1.62333929848041
"Vimentin","Stanford_Slide5","Stanford_Slide6",1.40864060641917,"large",1.39604784033989,1.42123337249844
"Vimentin","Stanford_Slide5","Stanford_Slide24",1.48065308180003,"large",1.4679211139705,1.49338504962956
"Vimentin","Stanford_Slide5","Stanford_Slide8",2.67746324921223,"large",2.66207110657696,2.6928553918475
"Vimentin","Stanford_Slide5","Stanford_Slide14",0.85138177880045,"large",0.83945802832005,0.863305529280849
"Vimentin","Stanford_Slide15","Stanford_Slide22",0.887958195620584,"large",0.876385787929651,0.899530603311516
"Vimentin","Stanford_Slide15","Stanford_Slide8",2.00672456431947,"large",1.99335595689232,2.02009317174662
"Vimentin","Stanford_Slide16","Stanford_Slide21",0.974269107823712,"large",0.9625783592628,0.985959856384624
"Vimentin","Stanford_Slide16","Stanford_Slide22",1.08199498052515,"large",1.07022604868876,1.09376391236154
"Vimentin","Stanford_Slide16","Stanford_Slide6",0.85473127644848,"large",0.843300643847756,0.866161909049204
"Vimentin","Stanford_Slide16","Stanford_Slide24",0.947428043735891,"large",0.935880172847446,0.958975914624336
"Vimentin","Stanford_Slide16","Stanford_Slide8",2.24756747708265,"large",2.23370369096365,2.26143126320165
"Vimentin","Stanford_Slide21","Stanford_Slide8",1.15068660080596,"large",1.13880402762992,1.162569173982
"Vimentin","Stanford_Slide22","Stanford_Slide8",1.20007696081795,"large",1.18818723300617,1.21196668862973
"Vimentin","Stanford_Slide6","Stanford_Slide8",1.45855808288983,"large",1.44629980057318,1.47081636520647
"Vimentin","Stanford_Slide23","Stanford_Slide24",2.47628335498508,"large",2.46147784768586,2.49108886228431
"Vimentin","Stanford_Slide23","Stanford_Slide7",1.09137392899339,"large",1.07975744715364,1.10299041083315
"Vimentin","Stanford_Slide23","Stanford_Slide8",3.83504661779227,"large",3.81644591082065,3.8536473247639
"Vimentin","Stanford_Slide23","Stanford_Slide14",1.8205146789143,"large",1.80710255197144,1.83392680585716
"Vimentin","Stanford_Slide24","Stanford_Slide8",1.2921891837019,"large",1.28020224890225,1.30417611850155
"Vimentin","Stanford_Slide7","Stanford_Slide8",2.45071137779801,"large",2.43669337933826,2.46472937625776
"aSMA","Stanford_Slide5","Stanford_Slide22",0.869018934336792,"large",0.857173438308587,0.880864430364998
"aSMA","Stanford_Slide5","Stanford_Slide8",1.75762165045714,"large",1.74445531233974,1.77078798857455
"aSMA","Stanford_Slide15","Stanford_Slide22",0.964859344031547,"large",0.953193509012254,0.97652517905084
"aSMA","Stanford_Slide15","Stanford_Slide24",0.801127378220925,"large",0.789695727058105,0.812559029383745
"aSMA","Stanford_Slide15","Stanford_Slide8",2.6300419253827,"large",2.61515372045759,2.64493013030782
"aSMA","Stanford_Slide16","Stanford_Slide22",1.18090124246642,"large",1.16898959751941,1.19281288741344
"aSMA","Stanford_Slide16","Stanford_Slide24",1.00058819612494,"large",0.988973323210051,1.01220306903982
"aSMA","Stanford_Slide16","Stanford_Slide8",2.7345462352148,"large",2.71944880958628,2.74964366084333
"aSMA","Stanford_Slide21","Stanford_Slide8",1.73078838990043,"large",1.71788568785673,1.74369109194412
"aSMA","Stanford_Slide22","Stanford_Slide8",1.08182449519173,"large",1.07010583627235,1.09354315411112
"aSMA","Stanford_Slide6","Stanford_Slide8",2.42943197879908,"large",2.41507015564966,2.44379380194851
"aSMA","Stanford_Slide23","Stanford_Slide24",2.50029362398996,"large",2.4854256793874,2.51516156859252
"aSMA","Stanford_Slide23","Stanford_Slide7",1.66491021091199,"large",1.65233985203017,1.67748056979382
"aSMA","Stanford_Slide23","Stanford_Slide8",4.97664037044998,"large",4.95429854735517,4.9989821935448
"aSMA","Stanford_Slide23","Stanford_Slide13",1.11249244304268,"large",1.10052345973522,1.12446142635015
"aSMA","Stanford_Slide23","Stanford_Slide14",1.91542282844551,"large",1.90180216565544,1.92904349123558
"aSMA","Stanford_Slide24","Stanford_Slide8",0.904960732958065,"large",0.893513136147684,0.916408329768445
"aSMA","Stanford_Slide7","Stanford_Slide8",2.91414740150101,"large",2.89893704408794,2.92935775891409
