"Staining_condition","Marker","CV","Is_Excluded"
"BIDMC_1","CD3",0.408575967791767,FALSE
"BIDMC_1","CD45",0.147885419056606,FALSE
"BIDMC_1","CD15",0.725358552290141,FALSE
"BIDMC_1","CD4",NA,TRUE
"BIDMC_1","CD8",0.730716993597065,FALSE
"BIDMC_1","CD11b",NA,TRUE
"BIDMC_1","ToxTox2",0.182609489036293,FALSE
"BIDMC_1","CD20",0.284107069079284,FALSE
"BIDMC_1","CD11c",0.22428445421984,FALSE
"BIDMC_1","H3K27me3",0.129641039703496,FALSE
"BIDMC_1","Ki67",0.462059205129867,FALSE
"BIDMC_1","HLADRA",0.157580167766128,FALSE
"BIDMC_1","pS6",0.124133069269305,FALSE
"BIDMC_1","CD68",0.230539456186426,FALSE
"BIDMC_1","FoxP3",0.400666333206336,FALSE
"BIDMC_1","PD1",0.345486057475343,FALSE
"BIDMC_1","Pax5",0.243022241670754,FALSE
"BIDMC_1","H3K27ac",0.0932181316490612,FALSE
"BIDMC_1","GranzymeB",0.221531760047833,FALSE
"BIDMC_1","CD31",0.0908920451436967,FALSE
"BIDMC_1","IDO1",0.0706108664662726,FALSE
"BIDMC_1","CD138",0.102521149859912,FALSE
"BIDMC_1","NAKATPase",0.0676848871065105,FALSE
"BIDMC_1","CD45RA",0.183184014820133,FALSE
"BIDMC_1","Cytokeratin",0.153649661435637,FALSE
"BIDMC_10","CD3",0.44534995637499,FALSE
"BIDMC_10","CD45",0.17287102384402,FALSE
"BIDMC_10","CD15",0.560507207606506,FALSE
"BIDMC_10","CD4",0.133119601161875,FALSE
"BIDMC_10","CD8",0.582464917501153,FALSE
"BIDMC_10","CD11b",0.464124043477958,FALSE
"BIDMC_10","ToxTox2",0.25214871781565,FALSE
"BIDMC_10","CD20",0.230153177000395,FALSE
"BIDMC_10","CD11c",0.402359649925711,FALSE
"BIDMC_10","H3K27me3",0.151662031803599,FALSE
"BIDMC_10","Ki67",0.476666667058498,FALSE
"BIDMC_10","HLADRA",0.161844786798881,FALSE
"BIDMC_10","pS6",0.151666772530472,FALSE
"BIDMC_10","CD68",0.216400171727447,FALSE
"BIDMC_10","FoxP3",0.387491614863031,FALSE
"BIDMC_10","PD1",0.467685087010204,FALSE
"BIDMC_10","Pax5",0.202746987311891,FALSE
"BIDMC_10","H3K27ac",0.14430341578364,FALSE
"BIDMC_10","GranzymeB",0.362389247592827,FALSE
"BIDMC_10","CD31",0.163613084602897,FALSE
"BIDMC_10","IDO1",0.199635943601175,FALSE
"BIDMC_10","CD138",0.139808411365019,FALSE
"BIDMC_10","NAKATPase",0.114740034519068,FALSE
"BIDMC_10","CD45RA",0.233825885605207,FALSE
"BIDMC_10","Cytokeratin",0.158166913065807,FALSE
"BIDMC_11","CD3",0.461460074349357,FALSE
"BIDMC_11","CD45",0.157692739269961,FALSE
"BIDMC_11","CD15",1.61948548142602,FALSE
"BIDMC_11","CD4",0.123903116105031,FALSE
"BIDMC_11","CD8",0.737785824669392,FALSE
"BIDMC_11","CD11b",1.97231854813824,FALSE
"BIDMC_11","ToxTox2",0.287219131263386,FALSE
"BIDMC_11","CD20",0.27544193492504,FALSE
"BIDMC_11","CD11c",0.497766284683365,FALSE
"BIDMC_11","H3K27me3",0.161624262158336,FALSE
"BIDMC_11","Ki67",0.433281441846328,FALSE
"BIDMC_11","HLADRA",0.171968958467791,FALSE
"BIDMC_11","pS6",0.146136147035765,FALSE
"BIDMC_11","CD68",0.317409315386513,FALSE
"BIDMC_11","FoxP3",1.54541461169719,FALSE
"BIDMC_11","PD1",0.485119823731555,FALSE
"BIDMC_11","Pax5",0.157256973985631,FALSE
"BIDMC_11","H3K27ac",0.12299459473102,FALSE
"BIDMC_11","GranzymeB",0.40778300589016,FALSE
"BIDMC_11","CD31",0.160786448940417,FALSE
"BIDMC_11","IDO1",0.215934668029079,FALSE
"BIDMC_11","CD138",0.105780784465041,FALSE
"BIDMC_11","NAKATPase",0.100459149153978,FALSE
"BIDMC_11","CD45RA",0.157217094742337,FALSE
"BIDMC_11","Cytokeratin",0.166315689974771,FALSE
"BIDMC_12","CD3",0.297356442490431,FALSE
"BIDMC_12","CD45",0.194953516001713,FALSE
"BIDMC_12","CD15",0.636353530412438,FALSE
"BIDMC_12","CD4",0.19733111842091,FALSE
"BIDMC_12","CD8",0.59554561368648,FALSE
"BIDMC_12","CD11b",0.316801283206722,FALSE
"BIDMC_12","ToxTox2",0.287148649507473,FALSE
"BIDMC_12","CD20",0.219686476972103,FALSE
"BIDMC_12","CD11c",0.563462871800576,FALSE
"BIDMC_12","H3K27me3",0.169729272975247,FALSE
"BIDMC_12","Ki67",0.380268464655472,FALSE
"BIDMC_12","HLADRA",0.169049289591993,FALSE
"BIDMC_12","pS6",0.224937476114174,FALSE
"BIDMC_12","CD68",0.205750429169465,FALSE
"BIDMC_12","FoxP3",0.672835998564094,FALSE
"BIDMC_12","PD1",0.772071041214427,FALSE
"BIDMC_12","Pax5",0.151009316628405,FALSE
"BIDMC_12","H3K27ac",0.181425325936482,FALSE
"BIDMC_12","GranzymeB",0.392910412498965,FALSE
"BIDMC_12","CD31",0.195210798361914,FALSE
"BIDMC_12","IDO1",0.265236905163883,FALSE
"BIDMC_12","CD138",0.128430887626479,FALSE
"BIDMC_12","NAKATPase",0.164452961647753,FALSE
"BIDMC_12","CD45RA",0.127259386527169,FALSE
"BIDMC_12","Cytokeratin",0.164684011490723,FALSE
"BIDMC_13","CD3",0.309419726361806,FALSE
"BIDMC_13","CD45",0.119288230822166,FALSE
"BIDMC_13","CD15",0.511710948061795,FALSE
"BIDMC_13","CD4",NA,TRUE
"BIDMC_13","CD8",0.403520278415897,FALSE
"BIDMC_13","CD11b",0.22235393865525,FALSE
"BIDMC_13","ToxTox2",0.169408282408183,FALSE
"BIDMC_13","CD20",0.170435778171586,FALSE
"BIDMC_13","CD11c",0.215241911356179,FALSE
"BIDMC_13","H3K27me3",0.122523129938694,FALSE
"BIDMC_13","Ki67",0.352767484157059,FALSE
"BIDMC_13","HLADRA",0.135611926237205,FALSE
"BIDMC_13","pS6",0.103522043644968,FALSE
"BIDMC_13","CD68",0.136152528938437,FALSE
"BIDMC_13","FoxP3",0.149787583128808,FALSE
"BIDMC_13","PD1",0.277193078291557,FALSE
"BIDMC_13","Pax5",0.166171099965668,FALSE
"BIDMC_13","H3K27ac",0.100708471173709,FALSE
"BIDMC_13","GranzymeB",0.12906149966957,FALSE
"BIDMC_13","CD31",0.121571353466151,FALSE
"BIDMC_13","IDO1",0.0612426377624261,FALSE
"BIDMC_13","CD138",0.0907762038449847,FALSE
"BIDMC_13","NAKATPase",0.0607606456891105,FALSE
"BIDMC_13","CD45RA",0.159685303405136,FALSE
"BIDMC_13","Cytokeratin",0.161906699433419,FALSE
"BIDMC_14","CD3",0.391444500948975,FALSE
"BIDMC_14","CD45",0.154863590538745,FALSE
"BIDMC_14","CD15",0.475929824789493,FALSE
"BIDMC_14","CD4",0.121269290361729,FALSE
"BIDMC_14","CD8",0.500711696146877,FALSE
"BIDMC_14","CD11b",0.290113517869751,FALSE
"BIDMC_14","ToxTox2",0.217137612847796,FALSE
"BIDMC_14","CD20",0.188026771577859,FALSE
"BIDMC_14","CD11c",0.351490605856008,FALSE
"BIDMC_14","H3K27me3",0.132447898105972,FALSE
"BIDMC_14","Ki67",0.414951251161982,FALSE
"BIDMC_14","HLADRA",0.13887451972259,FALSE
"BIDMC_14","pS6",0.136939703796437,FALSE
"BIDMC_14","CD68",0.186507430574674,FALSE
"BIDMC_14","FoxP3",0.277269193988465,FALSE
"BIDMC_14","PD1",0.37310818866709,FALSE
"BIDMC_14","Pax5",0.172694513808754,FALSE
"BIDMC_14","H3K27ac",0.130805654644208,FALSE
"BIDMC_14","GranzymeB",0.28214209222471,FALSE
"BIDMC_14","CD31",0.145076514035564,FALSE
"BIDMC_14","IDO1",0.168678391677013,FALSE
"BIDMC_14","CD138",0.116717945557915,FALSE
"BIDMC_14","NAKATPase",0.108473363223116,FALSE
"BIDMC_14","CD45RA",0.209679012665781,FALSE
"BIDMC_14","Cytokeratin",0.151412357213492,FALSE
"BIDMC_15","CD3",0.30051624950112,FALSE
"BIDMC_15","CD45",0.138352660142441,FALSE
"BIDMC_15","CD15",0.715439435948721,FALSE
"BIDMC_15","CD4",0.109577841896218,FALSE
"BIDMC_15","CD8",0.501533661845123,FALSE
"BIDMC_15","CD11b",0.262328359870996,FALSE
"BIDMC_15","ToxTox2",0.232506983836986,FALSE
"BIDMC_15","CD20",0.181980179070008,FALSE
"BIDMC_15","CD11c",0.359261598053651,FALSE
"BIDMC_15","H3K27me3",0.136521239811252,FALSE
"BIDMC_15","Ki67",0.348805754615231,FALSE
"BIDMC_15","HLADRA",0.150199346346688,FALSE
"BIDMC_15","pS6",0.13056782364048,FALSE
"BIDMC_15","CD68",0.19303290182615,FALSE
"BIDMC_15","FoxP3",0.271048130575692,FALSE
"BIDMC_15","PD1",0.362891522241736,FALSE
"BIDMC_15","Pax5",0.131152198872668,FALSE
"BIDMC_15","H3K27ac",0.1097413115924,FALSE
"BIDMC_15","GranzymeB",0.21744482562978,FALSE
"BIDMC_15","CD31",0.136336517587416,FALSE
"BIDMC_15","IDO1",0.168047528347842,FALSE
"BIDMC_15","CD138",0.0850353104076687,FALSE
"BIDMC_15","NAKATPase",0.0880925550484959,FALSE
"BIDMC_15","CD45RA",0.132039559945565,FALSE
"BIDMC_15","Cytokeratin",0.153963393720171,FALSE
"BIDMC_16","CD3",0.24264794192089,FALSE
"BIDMC_16","CD45",0.170053517777716,FALSE
"BIDMC_16","CD15",0.484385250074356,FALSE
"BIDMC_16","CD4",0.17408381690209,FALSE
"BIDMC_16","CD8",0.465986314843329,FALSE
"BIDMC_16","CD11b",0.249238165282342,FALSE
"BIDMC_16","ToxTox2",0.251662841751778,FALSE
"BIDMC_16","CD20",0.186985685813633,FALSE
"BIDMC_16","CD11c",0.454398195816542,FALSE
"BIDMC_16","H3K27me3",0.142550428430589,FALSE
"BIDMC_16","Ki67",0.307780838002522,FALSE
"BIDMC_16","HLADRA",0.144050622655782,FALSE
"BIDMC_16","pS6",0.178929495506916,FALSE
"BIDMC_16","CD68",0.170186437764074,FALSE
"BIDMC_16","FoxP3",0.410822065159617,FALSE
"BIDMC_16","PD1",0.450485416614865,FALSE
"BIDMC_16","Pax5",0.124278407859457,FALSE
"BIDMC_16","H3K27ac",0.139109587322294,FALSE
"BIDMC_16","GranzymeB",0.307953317876582,FALSE
"BIDMC_16","CD31",0.144813539134395,FALSE
"BIDMC_16","IDO1",0.198741170787122,FALSE
"BIDMC_16","CD138",0.101722813538232,FALSE
"BIDMC_16","NAKATPase",0.121116589499853,FALSE
"BIDMC_16","CD45RA",0.107139866749019,FALSE
"BIDMC_16","Cytokeratin",0.144231818656539,FALSE
"BIDMC_17","CD3",0.330573654908293,FALSE
"BIDMC_17","CD45",0.125071519850027,FALSE
"BIDMC_17","CD15",0.666017004526031,FALSE
"BIDMC_17","CD4",NA,TRUE
"BIDMC_17","CD8",0.466388878818762,FALSE
"BIDMC_17","CD11b",0.301075959680181,FALSE
"BIDMC_17","ToxTox2",0.197739966520304,FALSE
"BIDMC_17","CD20",0.1944108687493,FALSE
"BIDMC_17","CD11c",0.233997465590181,FALSE
"BIDMC_17","H3K27me3",0.126493105373788,FALSE
"BIDMC_17","Ki67",0.387401769434259,FALSE
"BIDMC_17","HLADRA",0.149307281795421,FALSE
"BIDMC_17","pS6",0.135977870388858,FALSE
"BIDMC_17","CD68",0.165259699536551,FALSE
"BIDMC_17","FoxP3",0.178952760925189,FALSE
"BIDMC_17","PD1",0.28497799023349,FALSE
"BIDMC_17","Pax5",0.188097038607491,FALSE
"BIDMC_17","H3K27ac",0.0994656757591994,FALSE
"BIDMC_17","GranzymeB",0.15396354964122,FALSE
"BIDMC_17","CD31",0.130509200966658,FALSE
"BIDMC_17","IDO1",0.0726901353677235,FALSE
"BIDMC_17","CD138",0.107251324861571,FALSE
"BIDMC_17","NAKATPase",0.0754704619466818,FALSE
"BIDMC_17","CD45RA",0.177393239070381,FALSE
"BIDMC_17","Cytokeratin",0.194516997213191,FALSE
"BIDMC_18","CD3",0.402349731398854,FALSE
"BIDMC_18","CD45",0.156562940117682,FALSE
"BIDMC_18","CD15",0.621009190558171,FALSE
"BIDMC_18","CD4",0.11507599883426,FALSE
"BIDMC_18","CD8",0.608240114704289,FALSE
"BIDMC_18","CD11b",0.405883529410081,FALSE
"BIDMC_18","ToxTox2",0.250118662238177,FALSE
"BIDMC_18","CD20",0.22086538964377,FALSE
"BIDMC_18","CD11c",0.391568390263993,FALSE
"BIDMC_18","H3K27me3",0.135031361397204,FALSE
"BIDMC_18","Ki67",0.45237884352942,FALSE
"BIDMC_18","HLADRA",0.154752404847378,FALSE
"BIDMC_18","pS6",0.160783765929767,FALSE
"BIDMC_18","CD68",0.242991513207557,FALSE
"BIDMC_18","FoxP3",0.266873329935862,FALSE
"BIDMC_18","PD1",0.378200555285416,FALSE
"BIDMC_18","Pax5",0.205814295545493,FALSE
"BIDMC_18","H3K27ac",0.140262995713169,FALSE
"BIDMC_18","GranzymeB",0.260581022965457,FALSE
"BIDMC_18","CD31",0.157327803560532,FALSE
"BIDMC_18","IDO1",0.148939954303479,FALSE
"BIDMC_18","CD138",0.134457884150433,FALSE
"BIDMC_18","NAKATPase",0.109725888956895,FALSE
"BIDMC_18","CD45RA",0.205857949888331,FALSE
"BIDMC_18","Cytokeratin",0.177283502931365,FALSE
"BIDMC_19","CD3",0.351070140361044,FALSE
"BIDMC_19","CD45",0.151406159371001,FALSE
"BIDMC_19","CD15",0.768926497260334,FALSE
"BIDMC_19","CD4",0.114490935386905,FALSE
"BIDMC_19","CD8",0.569073847030428,FALSE
"BIDMC_19","CD11b",0.259835144842619,FALSE
"BIDMC_19","ToxTox2",0.241818372032002,FALSE
"BIDMC_19","CD20",0.202244129292051,FALSE
"BIDMC_19","CD11c",0.386121406114309,FALSE
"BIDMC_19","H3K27me3",0.152883796488703,FALSE
"BIDMC_19","Ki67",0.403975056167537,FALSE
"BIDMC_19","HLADRA",0.149401774292742,FALSE
"BIDMC_19","pS6",0.148218908360449,FALSE
"BIDMC_19","CD68",0.209749714760677,FALSE
"BIDMC_19","FoxP3",0.272008657638428,FALSE
"BIDMC_19","PD1",0.457877220164337,FALSE
"BIDMC_19","Pax5",0.141873506524224,FALSE
"BIDMC_19","H3K27ac",0.126064211943906,FALSE
"BIDMC_19","GranzymeB",0.240281116397048,FALSE
"BIDMC_19","CD31",0.155486489025539,FALSE
"BIDMC_19","IDO1",0.169684103416347,FALSE
"BIDMC_19","CD138",0.102874822054603,FALSE
"BIDMC_19","NAKATPase",0.0964043435017979,FALSE
"BIDMC_19","CD45RA",0.14602723831427,FALSE
"BIDMC_19","Cytokeratin",0.154792362271622,FALSE
"BIDMC_2","CD3",0.539825256918662,FALSE
"BIDMC_2","CD45",0.178407208865626,FALSE
"BIDMC_2","CD15",0.563735332535323,FALSE
"BIDMC_2","CD4",0.117476353063112,FALSE
"BIDMC_2","CD8",0.568465827895477,FALSE
"BIDMC_2","CD11b",0.38305578966529,FALSE
"BIDMC_2","ToxTox2",0.241778070735381,FALSE
"BIDMC_2","CD20",0.213170862974634,FALSE
"BIDMC_2","CD11c",0.409679489255502,FALSE
"BIDMC_2","H3K27me3",0.151003222079925,FALSE
"BIDMC_2","Ki67",0.432480437473456,FALSE
"BIDMC_2","HLADRA",0.153896130098042,FALSE
"BIDMC_2","pS6",0.133874719505185,FALSE
"BIDMC_2","CD68",0.177042513094933,FALSE
"BIDMC_2","FoxP3",0.369215489761768,FALSE
"BIDMC_2","PD1",0.479844475515444,FALSE
"BIDMC_2","Pax5",0.196943544688149,FALSE
"BIDMC_2","H3K27ac",0.123556608632674,FALSE
"BIDMC_2","GranzymeB",0.295058468827429,FALSE
"BIDMC_2","CD31",0.125742472214744,FALSE
"BIDMC_2","IDO1",0.140984571358283,FALSE
"BIDMC_2","CD138",0.104763277905316,FALSE
"BIDMC_2","NAKATPase",0.0901729881289926,FALSE
"BIDMC_2","CD45RA",0.196441035809499,FALSE
"BIDMC_2","Cytokeratin",0.134135990898414,FALSE
"BIDMC_20","CD3",0.267416091690815,FALSE
"BIDMC_20","CD45",0.174857634189054,FALSE
"BIDMC_20","CD15",0.808265352406851,FALSE
"BIDMC_20","CD4",0.168121328338201,FALSE
"BIDMC_20","CD8",0.641299056111088,FALSE
"BIDMC_20","CD11b",0.336982497753553,FALSE
"BIDMC_20","ToxTox2",0.290430305188444,FALSE
"BIDMC_20","CD20",0.212433469201393,FALSE
"BIDMC_20","CD11c",0.502047650235282,FALSE
"BIDMC_20","H3K27me3",0.148960749437497,FALSE
"BIDMC_20","Ki67",0.365207588302487,FALSE
"BIDMC_20","HLADRA",0.149993843013953,FALSE
"BIDMC_20","pS6",0.187692601604115,FALSE
"BIDMC_20","CD68",0.195562941744459,FALSE
"BIDMC_20","FoxP3",0.327166926065213,FALSE
"BIDMC_20","PD1",0.475945547258838,FALSE
"BIDMC_20","Pax5",0.125636421767229,FALSE
"BIDMC_20","H3K27ac",0.134655139719358,FALSE
"BIDMC_20","GranzymeB",0.312675599192043,FALSE
"BIDMC_20","CD31",0.142553336764836,FALSE
"BIDMC_20","IDO1",0.18472986550304,FALSE
"BIDMC_20","CD138",0.107201998307823,FALSE
"BIDMC_20","NAKATPase",0.119102859298532,FALSE
"BIDMC_20","CD45RA",0.115348884222115,FALSE
"BIDMC_20","Cytokeratin",0.148943075620419,FALSE
"BIDMC_21","CD3",0.277238898913179,FALSE
"BIDMC_21","CD45",0.116607615745817,FALSE
"BIDMC_21","CD15",0.50996232434381,FALSE
"BIDMC_21","CD4",NA,TRUE
"BIDMC_21","CD8",0.385519146326137,FALSE
"BIDMC_21","CD11b",0.232821030894275,FALSE
"BIDMC_21","ToxTox2",0.17822340345224,FALSE
"BIDMC_21","CD20",0.163231280547956,FALSE
"BIDMC_21","CD11c",0.210257281633177,FALSE
"BIDMC_21","H3K27me3",0.11422551835696,FALSE
"BIDMC_21","Ki67",0.343973998847242,FALSE
"BIDMC_21","HLADRA",0.126452020730568,FALSE
"BIDMC_21","pS6",0.117594578955189,FALSE
"BIDMC_21","CD68",0.147803804409533,FALSE
"BIDMC_21","FoxP3",0.138751595499296,FALSE
"BIDMC_21","PD1",0.255946310160087,FALSE
"BIDMC_21","Pax5",0.168111939795094,FALSE
"BIDMC_21","H3K27ac",0.101542448213108,FALSE
"BIDMC_21","GranzymeB",0.132693197616813,FALSE
"BIDMC_21","CD31",0.128182288649446,FALSE
"BIDMC_21","IDO1",0.0735363702536117,FALSE
"BIDMC_21","CD138",NA,TRUE
"BIDMC_21","NAKATPase",0.0787479216392646,FALSE
"BIDMC_21","CD45RA",0.16432958378494,FALSE
"BIDMC_21","Cytokeratin",0.169010745868924,FALSE
"BIDMC_22","CD3",0.326173496026807,FALSE
"BIDMC_22","CD45",0.143931305026606,FALSE
"BIDMC_22","CD15",0.4291809435696,FALSE
"BIDMC_22","CD4",0.117208398484873,FALSE
"BIDMC_22","CD8",0.472075782818719,FALSE
"BIDMC_22","CD11b",0.277750515210776,FALSE
"BIDMC_22","ToxTox2",0.21024102424534,FALSE
"BIDMC_22","CD20",0.179914399456201,FALSE
"BIDMC_22","CD11c",0.316704671546584,FALSE
"BIDMC_22","H3K27me3",0.124300683782749,FALSE
"BIDMC_22","Ki67",0.384699174774285,FALSE
"BIDMC_22","HLADRA",0.134648281256465,FALSE
"BIDMC_22","pS6",0.140510354132648,FALSE
"BIDMC_22","CD68",0.194972562657744,FALSE
"BIDMC_22","FoxP3",0.19449323391682,FALSE
"BIDMC_22","PD1",0.308944389897569,FALSE
"BIDMC_22","Pax5",0.181373577398033,FALSE
"BIDMC_22","H3K27ac",0.138562045464609,FALSE
"BIDMC_22","GranzymeB",0.221408697770495,FALSE
"BIDMC_22","CD31",0.155646566257082,FALSE
"BIDMC_22","IDO1",0.14550172719764,FALSE
"BIDMC_22","CD138",0.128647089257655,FALSE
"BIDMC_22","NAKATPase",0.116791074821136,FALSE
"BIDMC_22","CD45RA",0.197628226182374,FALSE
"BIDMC_22","Cytokeratin",0.175243113259974,FALSE
"BIDMC_23","CD3",0.308097086159524,FALSE
"BIDMC_23","CD45",0.147272694382173,FALSE
"BIDMC_23","CD15",0.744175361851894,FALSE
"BIDMC_23","CD4",0.118349618759296,FALSE
"BIDMC_23","CD8",0.526845031833863,FALSE
"BIDMC_23","CD11b",0.225193516486164,FALSE
"BIDMC_23","ToxTox2",0.226460432556893,FALSE
"BIDMC_23","CD20",0.176147368123185,FALSE
"BIDMC_23","CD11c",0.336389064591713,FALSE
"BIDMC_23","H3K27me3",0.142463827677559,FALSE
"BIDMC_23","Ki67",0.358958133406775,FALSE
"BIDMC_23","HLADRA",0.136279444917158,FALSE
"BIDMC_23","pS6",0.147805941446621,FALSE
"BIDMC_23","CD68",0.186784371713758,FALSE
"BIDMC_23","FoxP3",0.223726254859469,FALSE
"BIDMC_23","PD1",0.372820675966643,FALSE
"BIDMC_23","Pax5",0.132264921188955,FALSE
"BIDMC_23","H3K27ac",0.136830321031119,FALSE
"BIDMC_23","GranzymeB",0.207018004997526,FALSE
"BIDMC_23","CD31",0.158727997252156,FALSE
"BIDMC_23","IDO1",0.161664070067087,FALSE
"BIDMC_23","CD138",0.104705119171097,FALSE
"BIDMC_23","NAKATPase",0.107913315759231,FALSE
"BIDMC_23","CD45RA",0.138356322992084,FALSE
"BIDMC_23","Cytokeratin",0.140608507117555,FALSE
"BIDMC_24","CD3",0.23038964002319,FALSE
"BIDMC_24","CD45",0.162748940188813,FALSE
"BIDMC_24","CD15",0.586387539614861,FALSE
"BIDMC_24","CD4",0.168709723207045,FALSE
"BIDMC_24","CD8",0.478236177406507,FALSE
"BIDMC_24","CD11b",0.250390059839353,FALSE
"BIDMC_24","ToxTox2",0.243022691370179,FALSE
"BIDMC_24","CD20",0.174994353605589,FALSE
"BIDMC_24","CD11c",0.39789331795887,FALSE
"BIDMC_24","H3K27me3",0.146501589131098,FALSE
"BIDMC_24","Ki67",0.319656028696005,FALSE
"BIDMC_24","HLADRA",0.133845689348537,FALSE
"BIDMC_24","pS6",0.168625626396049,FALSE
"BIDMC_24","CD68",0.162178952091224,FALSE
"BIDMC_24","FoxP3",0.239583664323806,FALSE
"BIDMC_24","PD1",0.340562876688601,FALSE
"BIDMC_24","Pax5",0.111755846435408,FALSE
"BIDMC_24","H3K27ac",0.135292120473775,FALSE
"BIDMC_24","GranzymeB",0.261151246136711,FALSE
"BIDMC_24","CD31",0.138534861447894,FALSE
"BIDMC_24","IDO1",0.18492106172637,FALSE
"BIDMC_24","CD138",0.101436624914611,FALSE
"BIDMC_24","NAKATPase",0.120340364261299,FALSE
"BIDMC_24","CD45RA",0.105795680527326,FALSE
"BIDMC_24","Cytokeratin",0.154053085483623,FALSE
"BIDMC_3","CD3",0.447376057307044,FALSE
"BIDMC_3","CD45",0.169469327498916,FALSE
"BIDMC_3","CD15",0.973777516575797,FALSE
"BIDMC_3","CD4",0.129189639523244,FALSE
"BIDMC_3","CD8",0.739247867190608,FALSE
"BIDMC_3","CD11b",0.343575593329014,FALSE
"BIDMC_3","ToxTox2",0.300159312120328,FALSE
"BIDMC_3","CD20",0.205077471882613,FALSE
"BIDMC_3","CD11c",0.458178553711124,FALSE
"BIDMC_3","H3K27me3",0.15754785828201,FALSE
"BIDMC_3","Ki67",0.462179038006722,FALSE
"BIDMC_3","HLADRA",0.152274599000647,FALSE
"BIDMC_3","pS6",0.145494445861839,FALSE
"BIDMC_3","CD68",0.209059967946209,FALSE
"BIDMC_3","FoxP3",0.359790032573415,FALSE
"BIDMC_3","PD1",0.627945216634323,FALSE
"BIDMC_3","Pax5",0.151518968039408,FALSE
"BIDMC_3","H3K27ac",0.124205912936386,FALSE
"BIDMC_3","GranzymeB",0.293905798146312,FALSE
"BIDMC_3","CD31",0.118547845321788,FALSE
"BIDMC_3","IDO1",0.189104168925399,FALSE
"BIDMC_3","CD138",0.0928848743431591,FALSE
"BIDMC_3","NAKATPase",0.101607955904278,FALSE
"BIDMC_3","CD45RA",0.154227807327174,FALSE
"BIDMC_3","Cytokeratin",0.133154860480209,FALSE
"BIDMC_4","CD3",0.294064339742963,FALSE
"BIDMC_4","CD45",0.208947565813741,FALSE
"BIDMC_4","CD15",0.867428915556346,FALSE
"BIDMC_4","CD4",0.185847650682248,FALSE
"BIDMC_4","CD8",0.735753171800927,FALSE
"BIDMC_4","CD11b",0.352899433731572,FALSE
"BIDMC_4","ToxTox2",0.295522853646038,FALSE
"BIDMC_4","CD20",0.212641137162362,FALSE
"BIDMC_4","CD11c",0.608577456051485,FALSE
"BIDMC_4","H3K27me3",0.171000512114809,FALSE
"BIDMC_4","Ki67",0.437122739507557,FALSE
"BIDMC_4","HLADRA",0.170333330993823,FALSE
"BIDMC_4","pS6",0.187952862318933,FALSE
"BIDMC_4","CD68",0.178566666866687,FALSE
"BIDMC_4","FoxP3",0.519815497885946,FALSE
"BIDMC_4","PD1",0.679356241187674,FALSE
"BIDMC_4","Pax5",0.139430178407992,FALSE
"BIDMC_4","H3K27ac",0.14978675803133,FALSE
"BIDMC_4","GranzymeB",0.366808684446899,FALSE
"BIDMC_4","CD31",0.137916857431525,FALSE
"BIDMC_4","IDO1",0.188388162102397,FALSE
"BIDMC_4","CD138",0.099894855058983,FALSE
"BIDMC_4","NAKATPase",0.125738275499268,FALSE
"BIDMC_4","CD45RA",0.12889642549069,FALSE
"BIDMC_4","Cytokeratin",0.147327481259921,FALSE
"BIDMC_5","CD3",0.32913303589126,FALSE
"BIDMC_5","CD45",0.135994491104991,FALSE
"BIDMC_5","CD15",0.601879825860034,FALSE
"BIDMC_5","CD4",NA,TRUE
"BIDMC_5","CD8",0.487365130072125,FALSE
"BIDMC_5","CD11b",0.241287542349124,FALSE
"BIDMC_5","ToxTox2",0.173725027643083,FALSE
"BIDMC_5","CD20",0.183101717967629,FALSE
"BIDMC_5","CD11c",0.207953164615262,FALSE
"BIDMC_5","H3K27me3",0.13891353407867,FALSE
"BIDMC_5","Ki67",0.397337631949568,FALSE
"BIDMC_5","HLADRA",0.148184987743811,FALSE
"BIDMC_5","pS6",0.11402152160392,FALSE
"BIDMC_5","CD68",0.147244405421856,FALSE
"BIDMC_5","FoxP3",0.145343585889362,FALSE
"BIDMC_5","PD1",0.283906796119499,FALSE
"BIDMC_5","Pax5",0.190483795220511,FALSE
"BIDMC_5","H3K27ac",0.106873337241664,FALSE
"BIDMC_5","GranzymeB",0.133202689602696,FALSE
"BIDMC_5","CD31",0.103035813719498,FALSE
"BIDMC_5","IDO1",0.0628991865684701,FALSE
"BIDMC_5","CD138",0.095142466553893,FALSE
"BIDMC_5","NAKATPase",0.0614247832762784,FALSE
"BIDMC_5","CD45RA",0.165645298682693,FALSE
"BIDMC_5","Cytokeratin",0.148839869763777,FALSE
"BIDMC_6","CD3",0.385612399923557,FALSE
"BIDMC_6","CD45",0.151365253039215,FALSE
"BIDMC_6","CD15",0.42898695644947,FALSE
"BIDMC_6","CD4",0.131754767732803,FALSE
"BIDMC_6","CD8",0.55339922174525,FALSE
"BIDMC_6","CD11b",0.318656945572896,FALSE
"BIDMC_6","ToxTox2",0.219656805751598,FALSE
"BIDMC_6","CD20",0.194472185895795,FALSE
"BIDMC_6","CD11c",0.374321578446859,FALSE
"BIDMC_6","H3K27me3",0.151766688537785,FALSE
"BIDMC_6","Ki67",0.446237739772343,FALSE
"BIDMC_6","HLADRA",0.153868829988317,FALSE
"BIDMC_6","pS6",0.139315318979079,FALSE
"BIDMC_6","CD68",0.196808691634687,FALSE
"BIDMC_6","FoxP3",0.254299889596171,FALSE
"BIDMC_6","PD1",0.408036928844987,FALSE
"BIDMC_6","Pax5",0.171482480329145,FALSE
"BIDMC_6","H3K27ac",0.143263386156822,FALSE
"BIDMC_6","GranzymeB",0.292171711092202,FALSE
"BIDMC_6","CD31",0.147281013927714,FALSE
"BIDMC_6","IDO1",0.17489296137357,FALSE
"BIDMC_6","CD138",0.103341349711293,FALSE
"BIDMC_6","NAKATPase",0.114330989855622,FALSE
"BIDMC_6","CD45RA",0.237821347330344,FALSE
"BIDMC_6","Cytokeratin",0.157032468902342,FALSE
"BIDMC_7","CD3",0.312465187711065,FALSE
"BIDMC_7","CD45",0.153476876461877,FALSE
"BIDMC_7","CD15",0.685745178673418,FALSE
"BIDMC_7","CD4",0.111898959924284,FALSE
"BIDMC_7","CD8",0.586819582317346,FALSE
"BIDMC_7","CD11b",0.247458896380427,FALSE
"BIDMC_7","ToxTox2",0.272370220880018,FALSE
"BIDMC_7","CD20",0.185760080155866,FALSE
"BIDMC_7","CD11c",0.41809340085702,FALSE
"BIDMC_7","H3K27me3",0.140114114953128,FALSE
"BIDMC_7","Ki67",0.403615883563036,FALSE
"BIDMC_7","HLADRA",0.151540226024607,FALSE
"BIDMC_7","pS6",0.133897062360329,FALSE
"BIDMC_7","CD68",0.190989529821583,FALSE
"BIDMC_7","FoxP3",0.291653755640037,FALSE
"BIDMC_7","PD1",0.431361027517865,FALSE
"BIDMC_7","Pax5",0.139242868432033,FALSE
"BIDMC_7","H3K27ac",0.116562677004006,FALSE
"BIDMC_7","GranzymeB",0.229036326776437,FALSE
"BIDMC_7","CD31",0.105602579907858,FALSE
"BIDMC_7","IDO1",0.163739015336418,FALSE
"BIDMC_7","CD138",0.0819754438026128,FALSE
"BIDMC_7","NAKATPase",0.0894128107894843,FALSE
"BIDMC_7","CD45RA",0.132435062031146,FALSE
"BIDMC_7","Cytokeratin",0.1392984293893,FALSE
"BIDMC_8","CD3",0.210230243558697,FALSE
"BIDMC_8","CD45",0.151503628425027,FALSE
"BIDMC_8","CD15",0.644458989161546,FALSE
"BIDMC_8","CD4",0.152032313070177,FALSE
"BIDMC_8","CD8",0.522931413493937,FALSE
"BIDMC_8","CD11b",0.286900578438358,FALSE
"BIDMC_8","ToxTox2",0.257331830065733,FALSE
"BIDMC_8","CD20",0.173447358490756,FALSE
"BIDMC_8","CD11c",0.436562091852996,FALSE
"BIDMC_8","H3K27me3",0.154246143735323,FALSE
"BIDMC_8","Ki67",0.362818413474565,FALSE
"BIDMC_8","HLADRA",0.152965845018639,FALSE
"BIDMC_8","pS6",0.170456687560005,FALSE
"BIDMC_8","CD68",0.159338560227982,FALSE
"BIDMC_8","FoxP3",0.229624755113074,FALSE
"BIDMC_8","PD1",0.389895756777937,FALSE
"BIDMC_8","Pax5",0.122636885917822,FALSE
"BIDMC_8","H3K27ac",0.131857804023226,FALSE
"BIDMC_8","GranzymeB",0.269884175939125,FALSE
"BIDMC_8","CD31",0.107971444871249,FALSE
"BIDMC_8","IDO1",0.167022012282638,FALSE
"BIDMC_8","CD138",0.0847638355050263,FALSE
"BIDMC_8","NAKATPase",0.113101921101691,FALSE
"BIDMC_8","CD45RA",0.102269950437275,FALSE
"BIDMC_8","Cytokeratin",0.124268961062278,FALSE
"BIDMC_9","CD3",0.356736042308037,FALSE
"BIDMC_9","CD45",0.132874486018084,FALSE
"BIDMC_9","CD15",0.57607493752093,FALSE
"BIDMC_9","CD4",NA,TRUE
"BIDMC_9","CD8",0.452456751532865,FALSE
"BIDMC_9","CD11b",0.262628247325615,FALSE
"BIDMC_9","ToxTox2",0.187821197116144,FALSE
"BIDMC_9","CD20",0.201335562764036,FALSE
"BIDMC_9","CD11c",0.247783837442265,FALSE
"BIDMC_9","H3K27me3",0.141272236272881,FALSE
"BIDMC_9","Ki67",0.435199626823293,FALSE
"BIDMC_9","HLADRA",0.150849511875581,FALSE
"BIDMC_9","pS6",0.129799546352304,FALSE
"BIDMC_9","CD68",0.159956105913111,FALSE
"BIDMC_9","FoxP3",0.20717637468492,FALSE
"BIDMC_9","PD1",0.306807763088666,FALSE
"BIDMC_9","Pax5",0.191889371901817,FALSE
"BIDMC_9","H3K27ac",0.107274441264394,FALSE
"BIDMC_9","GranzymeB",0.161539655842291,FALSE
"BIDMC_9","CD31",0.130255559314367,FALSE
"BIDMC_9","IDO1",0.0721794572302917,FALSE
"BIDMC_9","CD138",0.109316030320644,FALSE
"BIDMC_9","NAKATPase",0.0742322025668799,FALSE
"BIDMC_9","CD45RA",0.190821395658281,FALSE
"BIDMC_9","Cytokeratin",0.176957639386079,FALSE
