"Staining_condition","Marker","CV","Is_Excluded","Z_score"
"BIDMC_LymphNode_1","CD3",0.263954217001395,FALSE,-0.304409256919781
"BIDMC_LymphNode_1","CD45",0.166005369530702,FALSE,-0.460918390523491
"BIDMC_LymphNode_1","CD15",0.185426254585854,FALSE,0.0558560362192883
"BIDMC_LymphNode_1","CD8",0.235995197810168,FALSE,-0.166316366260181
"BIDMC_LymphNode_1","CD11b",0.151068850540807,FALSE,0.0914939166952483
"BIDMC_LymphNode_1","Tox/Tox2",0.107359468835661,FALSE,-0.340747774423587
"BIDMC_LymphNode_1","CD20",0.0797369507599955,FALSE,-0.419575031609474
"BIDMC_LymphNode_1","CD11c",0.0842260888571191,FALSE,-0.483424591500008
"BIDMC_LymphNode_1","H3K27me3",0.137979820512274,FALSE,-0.635454531379523
"BIDMC_LymphNode_1","Ki67",0.203442506859609,FALSE,-0.384486568116763
"BIDMC_LymphNode_1","HLADRA",0.154479949220264,FALSE,-0.61946968325837
"BIDMC_LymphNode_1","pS6",0.225148292276307,FALSE,-0.113654428381916
"BIDMC_LymphNode_1","CD68",0.156245314375547,FALSE,-0.452763384383407
"BIDMC_LymphNode_1","FoxP3",0.0129444222302264,FALSE,-0.495887673066405
"BIDMC_LymphNode_1","PD1",0.0987449471111308,FALSE,-0.489784293109672
"BIDMC_LymphNode_1","Pax5",0.151461759358735,FALSE,-0.446424249029578
"BIDMC_LymphNode_1","H3K27ac",0.121945998292518,FALSE,-0.43087136646644
"BIDMC_LymphNode_1","Granzyme B",0.123441544817873,FALSE,-0.366429710543156
"BIDMC_LymphNode_1","CD31",0.190392269478644,FALSE,-0.28555713488442
"BIDMC_LymphNode_1","IDO1",0.192533108162772,FALSE,-0.348094975924125
"BIDMC_LymphNode_1","NaKATPase",0.112278414360651,FALSE,-0.305666064076519
"BIDMC_LymphNode_1","CD45RA",0.271214886692197,FALSE,-0.304378684739148
"BIDMC_LymphNode_2","CD3",0.217016789667677,FALSE,-0.933502226983121
"BIDMC_LymphNode_2","CD45",0.147905269163892,FALSE,-0.752120243347135
"BIDMC_LymphNode_2","CD15",0.126561258342519,FALSE,-1.31348463384662
"BIDMC_LymphNode_2","CD8",0.16831102042653,FALSE,-0.932925945229327
"BIDMC_LymphNode_2","CD11b",0.0989263261224054,FALSE,-0.907621266192069
"BIDMC_LymphNode_2","Tox/Tox2",0.0793549115575216,FALSE,-0.754637222613805
"BIDMC_LymphNode_2","CD20",0.0732077064536488,FALSE,-0.649414180183484
"BIDMC_LymphNode_2","CD11c",0.0749058743181052,FALSE,-0.591288530497591
"BIDMC_LymphNode_2","H3K27me3",0.140326491042298,FALSE,-0.601978606946568
"BIDMC_LymphNode_2","Ki67",0.176113233472533,FALSE,-0.939374289411335
"BIDMC_LymphNode_2","HLADRA",0.148063060610033,FALSE,-0.80221398605439
"BIDMC_LymphNode_2","pS6",0.180711761267043,FALSE,-1.06868308531048
"BIDMC_LymphNode_2","CD68",0.14077323087176,FALSE,-0.645246502919396
"BIDMC_LymphNode_2","FoxP3",0.0108692036764096,FALSE,-0.547038681979178
"BIDMC_LymphNode_2","PD1",0.0765492730950283,FALSE,-0.683298906305617
"BIDMC_LymphNode_2","Pax5",0.141964739500032,FALSE,-0.952283143008639
"BIDMC_LymphNode_2","H3K27ac",0.101047776451431,FALSE,-0.760368033448365
"BIDMC_LymphNode_2","Granzyme B",0.0946481418241747,FALSE,-0.69571401165691
"BIDMC_LymphNode_2","CD31",0.131898785441395,FALSE,-0.879582383365893
"BIDMC_LymphNode_2","IDO1",0.134596323511426,FALSE,-0.673834120168433
"BIDMC_LymphNode_2","NaKATPase",0.0814190233190255,FALSE,-0.783799623212777
"BIDMC_LymphNode_2","CD45RA",0.205677974944944,FALSE,-0.873095966128023
"BIDMC_LymphNode_3","CD3",0.273399366256678,FALSE,-0.177817806658741
"BIDMC_LymphNode_3","CD45",0.178773765571374,FALSE,-0.255495187929112
"BIDMC_LymphNode_3","CD15",0.188978783237026,FALSE,0.138496353454927
"BIDMC_LymphNode_3","CD8",0.222799447384586,FALSE,-0.315775059103559
"BIDMC_LymphNode_3","CD11b",0.117603074347058,FALSE,-0.549751697613434
"BIDMC_LymphNode_3","Tox/Tox2",0.104826737768617,FALSE,-0.378179919961246
"BIDMC_LymphNode_3","CD20",0.0796600062259456,FALSE,-0.42228359409599
"BIDMC_LymphNode_3","CD11c",0.089568647652501,FALSE,-0.421594530230084
"BIDMC_LymphNode_3","H3K27me3",0.165835909895539,FALSE,-0.238079471156387
"BIDMC_LymphNode_3","Ki67",0.218563384914282,FALSE,-0.0774754943537015
"BIDMC_LymphNode_3","HLADRA",0.176838013799109,FALSE,0.0172577358236545
"BIDMC_LymphNode_3","pS6",0.222721477016149,FALSE,-0.165811472729938
"BIDMC_LymphNode_3","CD68",0.161025663831686,FALSE,-0.393292623979072
"BIDMC_LymphNode_3","FoxP3",0.0145613554758749,FALSE,-0.456032706124535
"BIDMC_LymphNode_3","PD1",0.119443272813139,FALSE,-0.309324421103895
"BIDMC_LymphNode_3","Pax5",0.160269464030553,FALSE,0.0227182619969196
"BIDMC_LymphNode_3","H3K27ac",0.131637425943187,FALSE,-0.278069222175218
"BIDMC_LymphNode_3","Granzyme B",0.118560680854592,FALSE,-0.422247769955313
"BIDMC_LymphNode_3","CD31",0.191570731722076,FALSE,-0.273589368927184
"BIDMC_LymphNode_3","IDO1",0.171849724789531,FALSE,-0.464383576346478
"BIDMC_LymphNode_3","NaKATPase",0.10768185133486,FALSE,-0.376884936683267
"BIDMC_LymphNode_3","CD45RA",0.275952074725926,FALSE,-0.263270237176646
"BIDMC_LymphNode_4","CD3",0.392295943770663,FALSE,1.41572929056164
"BIDMC_LymphNode_4","CD45",0.285933448137965,FALSE,1.46853382179974
"BIDMC_LymphNode_4","CD15",0.231134201012199,FALSE,1.1191322441724
"BIDMC_LymphNode_4","CD8",0.375611602410579,FALSE,1.41501737059307
"BIDMC_LymphNode_4","CD11b",0.217577356185852,FALSE,1.36587904711025
"BIDMC_LymphNode_4","Tox/Tox2",0.230119360177558,FALSE,1.47356491699864
"BIDMC_LymphNode_4","CD20",0.134020098085805,FALSE,1.49127280588895
"BIDMC_LymphNode_4","CD11c",0.255289091124809,FALSE,1.49630765222768
"BIDMC_LymphNode_4","H3K27me3",0.285959135892476,FALSE,1.47551260948248
"BIDMC_LymphNode_4","Ki67",0.291397674956829,FALSE,1.4013363518818
"BIDMC_LymphNode_4","HLADRA",0.225547077074314,FALSE,1.4044259334891
"BIDMC_LymphNode_4","pS6",0.293164547390896,FALSE,1.34814898642234
"BIDMC_LymphNode_4","CD68",0.312512264450823,FALSE,1.49130251128188
"BIDMC_LymphNode_4","FoxP3",0.0938762169865706,FALSE,1.49895906117012
"BIDMC_LymphNode_4","PD1",0.3249507518778,FALSE,1.48240762051918
"BIDMC_LymphNode_4","Pax5",0.185675838141973,FALSE,1.3759891300413
"BIDMC_LymphNode_4","H3K27ac",0.242464312795,FALSE,1.46930862209002
"BIDMC_LymphNode_4","Granzyme B",0.285281755779437,FALSE,1.48439149215538
"BIDMC_LymphNode_4","CD31",0.36018218525236,FALSE,1.4387288871775
"BIDMC_LymphNode_4","IDO1",0.518805472918198,FALSE,1.48631267243904
"BIDMC_LymphNode_4","NaKATPase",0.226646784586696,FALSE,1.46635062397256
"BIDMC_LymphNode_4","CD45RA",0.472316582245078,FALSE,1.44074488804382
