"Staining_condition","Marker","CV","Is_Excluded","Z_score"
"ASTAR_COMET_Tonsil_1","CD68",0.504753348752235,FALSE,-1.35612494231152
"ASTAR_COMET_Tonsil_1","CD31",0.54036526257215,FALSE,-1.38557831233162
"ASTAR_COMET_Tonsil_1","CD11c",0.625923440030872,FALSE,-0.949713967523241
"ASTAR_COMET_Tonsil_1","CD138",0.162069505853412,FALSE,-1.43822399268749
"ASTAR_COMET_Tonsil_1","CD21",0.462364674146925,FALSE,-0.820230062636158
"ASTAR_COMET_Tonsil_1","aSMA",0.146092510654747,FALSE,-1.33234955969052
"ASTAR_COMET_Tonsil_1","CD45RA",0.292300249253325,FALSE,1.06247632291904
"ASTAR_COMET_Tonsil_1","GZMB",0.203688478311111,FALSE,-1.08289077529524
"ASTAR_COMET_Tonsil_1","CD3",0.397706945775006,FALSE,-0.332083614136443
"ASTAR_COMET_Tonsil_1","CD8",0.209421524635788,FALSE,-1.24442762826683
"ASTAR_COMET_Tonsil_1","CD20",0.267630085414546,FALSE,-0.961215968618696
"ASTAR_COMET_Tonsil_1","NaKATPase",0.394273286894257,FALSE,-1.11179206053709
"ASTAR_COMET_Tonsil_1","HLADR",0.289497074115888,FALSE,0.231767906264369
"ASTAR_COMET_Tonsil_1","CD4",0.556703290944232,FALSE,0.753613173539283
"ASTAR_COMET_Tonsil_1","CK",0.31111433681336,FALSE,-0.0112784455180108
"ASTAR_COMET_Tonsil_1","FoxP3",0.197283539925678,FALSE,-0.539085536614554
"ASTAR_COMET_Tonsil_1","CD11b",0.358221734708245,FALSE,0.316157061875224
"ASTAR_COMET_Tonsil_1","Ki67",0.284538880068671,FALSE,-0.335244679304558
"ASTAR_COMET_Tonsil_1","Ecadherin",0.366189724217445,FALSE,0.348628602519423
"ASTAR_COMET_Tonsil_1","PD1",0.493295569342562,FALSE,-0.125926637658702
"ASTAR_COMET_Tonsil_2","CD68",0.666880879140845,FALSE,0.257631829572133
"ASTAR_COMET_Tonsil_2","CD31",0.764561576010146,FALSE,0.300752756869884
"ASTAR_COMET_Tonsil_2","CD11c",0.663567909382482,FALSE,-0.445200592795047
"ASTAR_COMET_Tonsil_2","CD138",0.378445208517688,FALSE,0.629440433345933
"ASTAR_COMET_Tonsil_2","CD21",0.551616384904705,FALSE,0.356744896133313
"ASTAR_COMET_Tonsil_2","aSMA",0.249322317988007,FALSE,-0.0984856813866724
"ASTAR_COMET_Tonsil_2","CD45RA",0.256190183258199,FALSE,-1.22306650338391
"ASTAR_COMET_Tonsil_2","GZMB",0.281594924054446,FALSE,0.476992604358618
"ASTAR_COMET_Tonsil_2","CD3",0.437128987118361,FALSE,0.723692460943197
"ASTAR_COMET_Tonsil_2","CD8",0.37252333271416,FALSE,1.17358840833651
"ASTAR_COMET_Tonsil_2","CD20",0.279522610047951,FALSE,-0.565623176970261
"ASTAR_COMET_Tonsil_2","NaKATPase",0.468293124202533,FALSE,1.29894238076098
"ASTAR_COMET_Tonsil_2","HLADR",0.267939870829157,FALSE,-1.00100224552403
"ASTAR_COMET_Tonsil_2","CD4",0.563527159541505,FALSE,0.850592414526926
"ASTAR_COMET_Tonsil_2","CK",0.396075628935543,FALSE,1.29217810252691
"ASTAR_COMET_Tonsil_2","FoxP3",0.33695446728819,FALSE,1.49840772838385
"ASTAR_COMET_Tonsil_2","CD11b",0.438142817844318,FALSE,1.24451489721792
"ASTAR_COMET_Tonsil_2","Ki67",0.507951002240706,FALSE,1.49018307768874
"ASTAR_COMET_Tonsil_2","Ecadherin",0.403776169163695,FALSE,1.05260742325689
"ASTAR_COMET_Tonsil_2","PD1",0.712560106628977,FALSE,1.43050476726244
"ASTAR_COMET_Tonsil_24","CD68",0.745967530892983,FALSE,1.04483076811577
"ASTAR_COMET_Tonsil_24","CD31",0.73713706252649,FALSE,0.0944745695257601
"ASTAR_COMET_Tonsil_24","CD11c",0.698030464694567,FALSE,0.0166685843172471
"ASTAR_COMET_Tonsil_24","CD138",0.388662585678919,FALSE,0.727076660627981
"ASTAR_COMET_Tonsil_24","CD21",0.464571191721234,FALSE,-0.791132402669787
"ASTAR_COMET_Tonsil_24","aSMA",0.343305159336609,FALSE,1.0248529754999
"ASTAR_COMET_Tonsil_24","CD45RA",0.270057428267172,FALSE,-0.345356051258935
"ASTAR_COMET_Tonsil_24","GZMB",0.230874490901102,FALSE,-0.538558290433853
"ASTAR_COMET_Tonsil_24","CD3",0.362846641151444,FALSE,-1.26569015345762
"ASTAR_COMET_Tonsil_24","CD8",0.308511694650682,FALSE,0.224603420430279
"ASTAR_COMET_Tonsil_24","CD20",0.303141743063273,FALSE,0.22004337019858
"ASTAR_COMET_Tonsil_24","NaKATPase",0.420256360935273,FALSE,-0.265555514236675
"ASTAR_COMET_Tonsil_24","HLADR",0.276294363831253,FALSE,-0.523242237914524
"ASTAR_COMET_Tonsil_24","CD4",0.414921751974557,FALSE,-1.2613532402092
"ASTAR_COMET_Tonsil_24","CK",0.237195489078069,FALSE,-1.14532435863738
"ASTAR_COMET_Tonsil_24","FoxP3",0.198287026472312,FALSE,-0.524446863277929
"ASTAR_COMET_Tonsil_24","CD11b",0.241594322091421,FALSE,-1.03857898611138
"ASTAR_COMET_Tonsil_24","Ki67",0.255317674785713,FALSE,-0.574001639749334
"ASTAR_COMET_Tonsil_24","Ecadherin",0.276639606746392,FALSE,-1.32860866172106
"ASTAR_COMET_Tonsil_24","PD1",0.389788997513678,FALSE,-0.860659581726906
"ASTAR_COMET_Tonsil_3","CD68",0.646388900767462,FALSE,0.0536623446236117
"ASTAR_COMET_Tonsil_3","CD31",0.85624308715208,FALSE,0.990350985935974
"ASTAR_COMET_Tonsil_3","CD11c",0.799625112048961,FALSE,1.37824597600104
"ASTAR_COMET_Tonsil_3","CD138",0.321126319177302,FALSE,0.0817068987135803
"ASTAR_COMET_Tonsil_3","CD21",0.619703366292316,FALSE,1.25461756917263
"ASTAR_COMET_Tonsil_3","aSMA",0.291528050635341,FALSE,0.405982265577299
"ASTAR_COMET_Tonsil_3","CD45RA",0.283507441658535,FALSE,0.505946231723807
"ASTAR_COMET_Tonsil_3","GZMB",0.314930580706849,FALSE,1.14445646137047
"ASTAR_COMET_Tonsil_3","CD3",0.44274441583758,FALSE,0.874081306650866
"ASTAR_COMET_Tonsil_3","CD8",0.282989761728052,FALSE,-0.15376420049996
"ASTAR_COMET_Tonsil_3","CD20",0.335812282117586,FALSE,1.30679577539038
"ASTAR_COMET_Tonsil_3","NaKATPase",0.430817422837784,FALSE,0.0784051940127792
"ASTAR_COMET_Tonsil_3","HLADR",0.30804547295052,FALSE,1.29247657717418
"ASTAR_COMET_Tonsil_3","CD4",0.479551350351063,FALSE,-0.342852347857011
"ASTAR_COMET_Tonsil_3","CK",0.303012477767123,FALSE,-0.135575298371526
"ASTAR_COMET_Tonsil_3","FoxP3",0.20442718877068,FALSE,-0.434875328491371
"ASTAR_COMET_Tonsil_3","CD11b",0.28605791147742,FALSE,-0.522092972981763
"ASTAR_COMET_Tonsil_3","Ki67",0.254468893111504,FALSE,-0.58093675863485
"ASTAR_COMET_Tonsil_3","Ecadherin",0.343698260370065,FALSE,-0.0726273640552474
"ASTAR_COMET_Tonsil_3","PD1",0.448497996616679,FALSE,-0.443918547876832
