"Staining_condition","CD3","CD45","CD15","CD8","CD11b","Tox/Tox2","CD20","CD11c","H3K27me3","Ki67","HLADRA","pS6","CD68","FOXP3","PD1","Pax5","H3K27ac","Granzyme B","CD31","IDO1","CD138","NaKATPase","CD45RA","CK","Total_Z_Rank"
"BIDMC_tonsil_30",1,2,2,1,1,1,1,1,2,1,1,1,2,1,1,1,1,1,1,1,1,1,2,1,29
"BIDMC_tonsil_32",3,3,3,3,2,2,2,2,3,3,3,2,1,2,2,3,2,3,2,2,3,2,3,2,58
"BIDMC_tonsil_31",2,1,4,2,3,3,3,3,1,2,2,3,3,3,3,2,3,2,3,3,2,3,1,3,60
"BIDMC_tonsil_33",4,4,1,4,4,4,4,4,4,4,4,4,4,4,4,4,4,4,4,4,4,4,4,4,93
