filename,sample_name
dataScaleSize_slide1_Roche_intestine_FOV1.csv,Roche_intestine_1
dataScaleSize_slide1_Roche_intestine_FOV2.csv,Roche_intestine_1
dataScaleSize_slide2_Roche_intestine_FOV1.csv,Roche_intestine_2
dataScaleSize_slide2_Roche_intestine_FOV2.csv,Roche_intestine_2
dataScaleSize_slide24_Roche_intestine_FOV1.csv,Roche_intestine_24
dataScaleSize_slide24_Roche_intestine_FOV2.csv,Roche_intestine_24
dataScaleSize_slide3_Roche_intestine_FOV1.csv,Roche_intestine_3
dataScaleSize_slide3_Roche_intestine_FOV2.csv,Roche_intestine_3
