"Marker","Condition1","Condition2","Cohens_d","Size_of_effect","Lower_CI","Upper_CI"
"CD11b","Stanford_OSCC_Tris_10min","Stanford_OSCC_Tris_20min",1.7168433748409,"large",1.69170639503213,1.74198035464967
"CD11b","Stanford_OSCC_Tris_10min","Stanford_OSCC_Tris_40min",1.53295682528505,"large",1.50867360255659,1.5572400480135
"CD11b","Stanford_OSCC_Tris_10min","Stanford_OSCC_Citra_20min",2.29720137882392,"large",2.27059162791166,2.32381112973619
"CD11b","Stanford_OSCC_Tris_20min","Stanford_OSCC_Tris_40min",-0.081850920456611,"",-0.103446197973434,-0.0602556429397885
"CD11b","Stanford_OSCC_Tris_20min","Stanford_OSCC_Citra_20min",0.678994784249177,"medium",0.657490913956402,0.700498654541953
"CD11b","Stanford_OSCC_Tris_40min","Stanford_OSCC_Citra_20min",0.739200139344072,"medium",0.717736253015317,0.760664025672826
"CD11c","Stanford_OSCC_Tris_10min","Stanford_OSCC_Tris_20min",0.172619756801766,"small",0.151090211500562,0.194149302102971
"CD11c","Stanford_OSCC_Tris_10min","Stanford_OSCC_Tris_40min",0.203403829405847,"medium",0.181999275238588,0.224808383573106
"CD11c","Stanford_OSCC_Tris_10min","Stanford_OSCC_Citra_20min",0.405552241208616,"medium",0.384672702485596,0.426431779931636
"CD11c","Stanford_OSCC_Tris_20min","Stanford_OSCC_Tris_40min",0.0117671761559541,"small",-0.0098192528682256,0.0333536051801338
"CD11c","Stanford_OSCC_Tris_20min","Stanford_OSCC_Citra_20min",0.234297255112536,"medium",0.213312704890184,0.255281805334889
"CD11c","Stanford_OSCC_Tris_40min","Stanford_OSCC_Citra_20min",0.240676292846148,"medium",0.219832243123492,0.261520342568803
"CD14","Stanford_OSCC_Tris_10min","Stanford_OSCC_Tris_20min",0.381426543423396,"medium",0.359742534580484,0.403110552266308
"CD14","Stanford_OSCC_Tris_10min","Stanford_OSCC_Tris_40min",0.716180420387291,"medium",0.694157281683604,0.738203559090978
"CD14","Stanford_OSCC_Tris_10min","Stanford_OSCC_Citra_20min",1.29046895256122,"large",1.26775688777611,1.31318101734634
"CD14","Stanford_OSCC_Tris_20min","Stanford_OSCC_Tris_40min",0.311629035026448,"medium",0.289912191038331,0.333345879014565
"CD14","Stanford_OSCC_Tris_20min","Stanford_OSCC_Citra_20min",0.900865445104214,"large",0.878923246659977,0.92280764354845
"CD14","Stanford_OSCC_Tris_40min","Stanford_OSCC_Citra_20min",0.618289581735113,"medium",0.597031946315083,0.639547217155144
"CD15","Stanford_OSCC_Tris_10min","Stanford_OSCC_Tris_20min",0.0233372187954339,"small",0.00184690690631958,0.0448275306845482
"CD15","Stanford_OSCC_Tris_10min","Stanford_OSCC_Tris_40min",-0.15402149009185,"",-0.175402542228663,-0.132640437955037
"CD15","Stanford_OSCC_Tris_10min","Stanford_OSCC_Citra_20min",0.946513533291271,"large",0.924721676045639,0.968305390536903
"CD15","Stanford_OSCC_Tris_20min","Stanford_OSCC_Tris_40min",-0.183447838525911,"",-0.205079428361418,-0.161816248690405
"CD15","Stanford_OSCC_Tris_20min","Stanford_OSCC_Citra_20min",0.951481448154232,"large",0.929423482071605,0.973539414236858
"CD15","Stanford_OSCC_Tris_40min","Stanford_OSCC_Citra_20min",1.12487149234463,"large",1.10252663625214,1.14721634843712
"CD16","Stanford_OSCC_Tris_10min","Stanford_OSCC_Tris_20min",0.486664363149079,"medium",0.464859152040799,0.50846957425736
"CD16","Stanford_OSCC_Tris_10min","Stanford_OSCC_Tris_40min",0.455885745159165,"medium",0.434260803809513,0.477510686508817
"CD16","Stanford_OSCC_Tris_10min","Stanford_OSCC_Citra_20min",0.87832510156611,"large",0.856685738218969,0.899964464913251
"CD16","Stanford_OSCC_Tris_20min","Stanford_OSCC_Tris_40min",-0.0237467595603212,"",-0.0453337624576953,-0.00215975666294715
"CD16","Stanford_OSCC_Tris_20min","Stanford_OSCC_Citra_20min",0.391399610584986,"medium",0.370288196619774,0.412511024550199
"CD16","Stanford_OSCC_Tris_40min","Stanford_OSCC_Citra_20min",0.412813536982828,"medium",0.391825128844371,0.433801945121285
"CD163","Stanford_OSCC_Tris_10min","Stanford_OSCC_Tris_20min",1.03380324908883,"large",1.01092386980727,1.0566826283704
"CD163","Stanford_OSCC_Tris_10min","Stanford_OSCC_Tris_40min",0.655894759063001,"medium",0.633978867957794,0.677810650168208
"CD163","Stanford_OSCC_Tris_10min","Stanford_OSCC_Citra_20min",1.64892944624719,"large",1.6250146115718,1.67284428092257
"CD163","Stanford_OSCC_Tris_20min","Stanford_OSCC_Tris_40min",-0.286676179795186,"",-0.308372997119204,-0.264979362471167
"CD163","Stanford_OSCC_Tris_20min","Stanford_OSCC_Citra_20min",0.559173660860837,"medium",0.537858026611787,0.580489295109888
"CD163","Stanford_OSCC_Tris_40min","Stanford_OSCC_Citra_20min",0.8338432962478,"large",0.812194030308383,0.855492562187218
"CD20","Stanford_OSCC_Tris_10min","Stanford_OSCC_Tris_20min",0.633261642103918,"medium",0.611240291990028,0.655282992217807
"CD20","Stanford_OSCC_Tris_10min","Stanford_OSCC_Tris_40min",0.560025823799875,"medium",0.538261969634314,0.581789677965436
"CD20","Stanford_OSCC_Tris_10min","Stanford_OSCC_Citra_20min",0.566036516002233,"medium",0.54495917508008,0.587113856924387
"CD20","Stanford_OSCC_Tris_20min","Stanford_OSCC_Tris_40min",-0.127208452734558,"",-0.148816512102743,-0.105600393366373
"CD20","Stanford_OSCC_Tris_20min","Stanford_OSCC_Citra_20min",0.234481797967595,"medium",0.213497135758678,0.255466460176511
"CD20","Stanford_OSCC_Tris_40min","Stanford_OSCC_Citra_20min",0.31235895435954,"medium",0.291463916892813,0.333253991826268
"CD209","Stanford_OSCC_Tris_10min","Stanford_OSCC_Tris_20min",1.23918071822682,"large",1.21572010824207,1.26264132821157
"CD209","Stanford_OSCC_Tris_10min","Stanford_OSCC_Tris_40min",0.858201403228266,"large",0.835890938048641,0.880511868407891
"CD209","Stanford_OSCC_Tris_10min","Stanford_OSCC_Citra_20min",2.24885536251167,"large",2.2224663353272,2.27524438969614
"CD209","Stanford_OSCC_Tris_20min","Stanford_OSCC_Tris_40min",-0.244512373468636,"",-0.266179112331128,-0.222845634606144
"CD209","Stanford_OSCC_Tris_20min","Stanford_OSCC_Citra_20min",0.862693370642935,"large",0.840834671724266,0.884552069561603
"CD209","Stanford_OSCC_Tris_40min","Stanford_OSCC_Citra_20min",1.07336534814275,"large",1.05115691755994,1.09557377872556
"CD3","Stanford_OSCC_Tris_10min","Stanford_OSCC_Tris_20min",0.00935357074326633,"small",-0.012136127476138,0.0308432689626707
"CD3","Stanford_OSCC_Tris_10min","Stanford_OSCC_Tris_40min",-0.295669999473241,"",-0.31713574595255,-0.274204252993931
"CD3","Stanford_OSCC_Tris_10min","Stanford_OSCC_Citra_20min",0.618692698045154,"medium",0.59753673717336,0.639848658916949
"CD3","Stanford_OSCC_Tris_20min","Stanford_OSCC_Tris_40min",-0.288305146269825,"",-0.310003220547515,-0.266607071992135
"CD3","Stanford_OSCC_Tris_20min","Stanford_OSCC_Citra_20min",0.586901790737546,"medium",0.56554569658327,0.608257884891822
"CD3","Stanford_OSCC_Tris_40min","Stanford_OSCC_Citra_20min",0.841100470756639,"large",0.81943613925469,0.862764802258587
"CD31","Stanford_OSCC_Tris_10min","Stanford_OSCC_Tris_20min",0.109408514250687,"small",0.0879028700863794,0.130914158414994
"CD31","Stanford_OSCC_Tris_10min","Stanford_OSCC_Tris_40min",-0.146009497221918,"",-0.167387346585221,-0.124631647858614
"CD31","Stanford_OSCC_Tris_10min","Stanford_OSCC_Citra_20min",0.868513115919067,"large",0.846894842064388,0.890131389773746
"CD31","Stanford_OSCC_Tris_20min","Stanford_OSCC_Tris_40min",-0.248036911172062,"",-0.26970598293884,-0.226367839405285
"CD31","Stanford_OSCC_Tris_20min","Stanford_OSCC_Citra_20min",0.753235605952176,"medium",0.731597832669714,0.774873379234638
"CD31","Stanford_OSCC_Tris_40min","Stanford_OSCC_Citra_20min",0.975914287038488,"large",0.953948551690457,0.99788002238652
"CD4","Stanford_OSCC_Tris_10min","Stanford_OSCC_Tris_20min",0.636799616176351,"medium",0.614772380301106,0.658826852051597
"CD4","Stanford_OSCC_Tris_10min","Stanford_OSCC_Tris_40min",0.45423908634016,"medium",0.4326161191652,0.475862053515119
"CD4","Stanford_OSCC_Tris_10min","Stanford_OSCC_Citra_20min",1.42626245743143,"large",1.40312215653439,1.44940275832847
"CD4","Stanford_OSCC_Tris_20min","Stanford_OSCC_Tris_40min",-0.159194339284345,"",-0.180814739866113,-0.137573938702576
"CD4","Stanford_OSCC_Tris_20min","Stanford_OSCC_Citra_20min",0.689940144320031,"medium",0.668417354663419,0.711462933976642
"CD4","Stanford_OSCC_Tris_40min","Stanford_OSCC_Citra_20min",0.854103214939808,"large",0.832411590521079,0.875794839358536
"CD44","Stanford_OSCC_Tris_10min","Stanford_OSCC_Tris_20min",0.811869220824624,"large",0.789512293910573,0.834226147738675
"CD44","Stanford_OSCC_Tris_10min","Stanford_OSCC_Tris_40min",1.09722896213299,"large",1.07432951395536,1.12012841031063
"CD44","Stanford_OSCC_Tris_10min","Stanford_OSCC_Citra_20min",1.56562859595292,"large",1.54201362505075,1.58924356685508
"CD44","Stanford_OSCC_Tris_20min","Stanford_OSCC_Tris_40min",0.191128488184457,"small",0.169493026013528,0.212763950355386
"CD44","Stanford_OSCC_Tris_20min","Stanford_OSCC_Citra_20min",0.835316058087434,"large",0.813515206450546,0.857116909724321
"CD44","Stanford_OSCC_Tris_40min","Stanford_OSCC_Citra_20min",0.728993680363784,"medium",0.707548541892904,0.750438818834664
"CD45RA","Stanford_OSCC_Tris_10min","Stanford_OSCC_Tris_20min",1.53152750814039,"large",1.50709115293424,1.55596386334653
"CD45RA","Stanford_OSCC_Tris_10min","Stanford_OSCC_Tris_40min",1.69542056867245,"large",1.6705297001275,1.72031143721741
"CD45RA","Stanford_OSCC_Tris_10min","Stanford_OSCC_Citra_20min",2.19754851597915,"large",2.17139056531568,2.22370646664262
"CD45RA","Stanford_OSCC_Tris_20min","Stanford_OSCC_Tris_40min",0.125298719111708,"small",0.103691309572801,0.146906128650615
"CD45RA","Stanford_OSCC_Tris_20min","Stanford_OSCC_Citra_20min",1.06331282861435,"large",1.04097910711979,1.08564655010892
"CD45RA","Stanford_OSCC_Tris_40min","Stanford_OSCC_Citra_20min",0.97643635600449,"large",0.954469375168728,0.998403336840252
"CD45RO","Stanford_OSCC_Tris_10min","Stanford_OSCC_Tris_20min",0.969916681810984,"large",0.947199284896007,0.992634078725962
"CD45RO","Stanford_OSCC_Tris_10min","Stanford_OSCC_Tris_40min",0.934485573061836,"large",0.912001184941071,0.9569699611826
"CD45RO","Stanford_OSCC_Tris_10min","Stanford_OSCC_Citra_20min",1.21599424815399,"large",1.19350197407896,1.23848652222903
"CD45RO","Stanford_OSCC_Tris_20min","Stanford_OSCC_Tris_40min",-0.123784097850762,"",-0.145390998981852,-0.102177196719673
"CD45RO","Stanford_OSCC_Tris_20min","Stanford_OSCC_Citra_20min",0.351935896853863,"medium",0.330862262334513,0.373009531373213
"CD45RO","Stanford_OSCC_Tris_40min","Stanford_OSCC_Citra_20min",0.481062361894056,"medium",0.459996078449901,0.50212864533821
"CD56","Stanford_OSCC_Tris_10min","Stanford_OSCC_Tris_20min",0.421723066656234,"medium",0.399996042883404,0.443450090429063
"CD56","Stanford_OSCC_Tris_10min","Stanford_OSCC_Tris_40min",0.767174553404581,"medium",0.745053794268164,0.789295312540998
"CD56","Stanford_OSCC_Tris_10min","Stanford_OSCC_Citra_20min",1.99050131997735,"large",1.96524096922611,2.0157616707286
"CD56","Stanford_OSCC_Tris_20min","Stanford_OSCC_Tris_40min",0.321059599251594,"medium",0.299334756681054,0.342784441822135
"CD56","Stanford_OSCC_Tris_20min","Stanford_OSCC_Citra_20min",1.57940379716215,"large",1.55546860546307,1.60333898886122
"CD56","Stanford_OSCC_Tris_40min","Stanford_OSCC_Citra_20min",1.33554011043703,"large",1.31258104889609,1.35849917197798
"CD66a","Stanford_OSCC_Tris_10min","Stanford_OSCC_Tris_20min",0.251031632555568,"medium",0.229457620782417,0.272605644328718
"CD66a","Stanford_OSCC_Tris_10min","Stanford_OSCC_Tris_40min",0.223329287283489,"medium",0.201913420584038,0.244745153982941
"CD66a","Stanford_OSCC_Tris_10min","Stanford_OSCC_Citra_20min",0.834951364397668,"large",0.813403584954662,0.856499143840674
"CD66a","Stanford_OSCC_Tris_20min","Stanford_OSCC_Tris_40min",-0.0560671028242171,"",-0.0776575849980779,-0.0344766206503563
"CD66a","Stanford_OSCC_Tris_20min","Stanford_OSCC_Citra_20min",0.626944690599517,"medium",0.605526860018481,0.648362521180552
"CD66a","Stanford_OSCC_Tris_40min","Stanford_OSCC_Citra_20min",0.705859526000184,"medium",0.684455975274239,0.727263076726129
"CD68","Stanford_OSCC_Tris_10min","Stanford_OSCC_Tris_20min",0.342929535697403,"medium",0.321282657868864,0.364576413525942
"CD68","Stanford_OSCC_Tris_10min","Stanford_OSCC_Tris_40min",0.351303760166253,"medium",0.329790303312448,0.372817217020058
"CD68","Stanford_OSCC_Tris_10min","Stanford_OSCC_Citra_20min",0.964690525936019,"large",0.942856284679941,0.986524767192096
"CD68","Stanford_OSCC_Tris_20min","Stanford_OSCC_Tris_40min",-0.0195701811988403,"",-0.0411569400621164,0.00201657766443581
"CD68","Stanford_OSCC_Tris_20min","Stanford_OSCC_Citra_20min",0.668207682916711,"medium",0.646722178337366,0.689693187496055
"CD68","Stanford_OSCC_Tris_40min","Stanford_OSCC_Citra_20min",0.71950840828677,"medium",0.698080473684426,0.740936342889115
"CD8","Stanford_OSCC_Tris_10min","Stanford_OSCC_Tris_20min",0.270784897236119,"medium",0.249197106629551,0.292372687842688
"CD8","Stanford_OSCC_Tris_10min","Stanford_OSCC_Tris_40min",0.296824285683368,"medium",0.275357631679047,0.318290939687689
"CD8","Stanford_OSCC_Tris_10min","Stanford_OSCC_Citra_20min",0.707317200642934,"medium",0.686013924515328,0.72862047677054
"CD8","Stanford_OSCC_Tris_20min","Stanford_OSCC_Tris_40min",0.018426756103013,"small",-0.00315994415569663,0.0400134563617226
"CD8","Stanford_OSCC_Tris_20min","Stanford_OSCC_Citra_20min",0.48899251256092,"medium",0.467770831568759,0.510214193553082
"CD8","Stanford_OSCC_Tris_40min","Stanford_OSCC_Citra_20min",0.482319930579833,"medium",0.461252103522936,0.50338775763673
"Collagen","Stanford_OSCC_Tris_10min","Stanford_OSCC_Tris_20min",-0.0366848892131708,"",-0.0581762765478776,-0.015193501878464
"Collagen","Stanford_OSCC_Tris_10min","Stanford_OSCC_Tris_40min",-0.645476659781477,"",-0.667374922140171,-0.623578397422782
"Collagen","Stanford_OSCC_Tris_10min","Stanford_OSCC_Citra_20min",1.83602055178784,"large",1.81139084456703,1.86065025900866
"Collagen","Stanford_OSCC_Tris_20min","Stanford_OSCC_Tris_40min",-0.657272638465155,"",-0.679433961958821,-0.635111314971489
"Collagen","Stanford_OSCC_Tris_20min","Stanford_OSCC_Citra_20min",1.94837386287875,"large",1.92300438571126,1.97374334004624
"Collagen","Stanford_OSCC_Tris_40min","Stanford_OSCC_Citra_20min",2.60831539374325,"large",2.58009144892961,2.63653933855689
"Desmin","Stanford_OSCC_Tris_10min","Stanford_OSCC_Tris_20min",-0.358494950696838,"",-0.380156373929304,-0.336833527464372
"Desmin","Stanford_OSCC_Tris_10min","Stanford_OSCC_Tris_40min",-0.36417946791188,"",-0.385705118968364,-0.342653816855396
"Desmin","Stanford_OSCC_Tris_10min","Stanford_OSCC_Citra_20min",0.58697419978194,"medium",0.565866399427467,0.608082000136412
"Desmin","Stanford_OSCC_Tris_20min","Stanford_OSCC_Tris_40min",-0.00384724846352853,"",-0.0254335106746393,0.0177390137475823
"Desmin","Stanford_OSCC_Tris_20min","Stanford_OSCC_Citra_20min",0.93251034046367,"large",0.91049643407719,0.95452424685015
"Desmin","Stanford_OSCC_Tris_40min","Stanford_OSCC_Citra_20min",0.940750405126949,"large",0.918867183371744,0.962633626882154
"FOXP3","Stanford_OSCC_Tris_10min","Stanford_OSCC_Tris_20min",1.43916669560759,"large",1.4150564338164,1.46327695739878
"FOXP3","Stanford_OSCC_Tris_10min","Stanford_OSCC_Tris_40min",1.21628512938751,"large",1.19304558480669,1.23952467396833
"FOXP3","Stanford_OSCC_Tris_10min","Stanford_OSCC_Citra_20min",2.48774254711513,"large",2.46023607481165,2.51524901941862
"FOXP3","Stanford_OSCC_Tris_20min","Stanford_OSCC_Tris_40min",-0.260072966105942,"",-0.281750254264852,-0.238395677947032
"FOXP3","Stanford_OSCC_Tris_20min","Stanford_OSCC_Citra_20min",0.784753561294396,"medium",0.763055017818201,0.806452104770591
"FOXP3","Stanford_OSCC_Tris_40min","Stanford_OSCC_Citra_20min",1.10217687046565,"large",1.07989281080266,1.12446093012863
"Granzyme B","Stanford_OSCC_Tris_10min","Stanford_OSCC_Tris_20min",0.154152614466946,"small",0.132631156717217,0.175674072216675
"Granzyme B","Stanford_OSCC_Tris_10min","Stanford_OSCC_Tris_40min",0.0626491172639671,"small",0.0412944569907326,0.0840037775372015
"Granzyme B","Stanford_OSCC_Tris_10min","Stanford_OSCC_Citra_20min",2.72138358567734,"large",2.69272377263542,2.75004339871925
"Granzyme B","Stanford_OSCC_Tris_20min","Stanford_OSCC_Tris_40min",-0.0994014393393373,"",-0.121001005635625,-0.07780187304305
"Granzyme B","Stanford_OSCC_Tris_20min","Stanford_OSCC_Citra_20min",2.54694229276823,"large",2.51883897931047,2.575045606226
"Granzyme B","Stanford_OSCC_Tris_40min","Stanford_OSCC_Citra_20min",2.72509245141249,"large",2.69628227479099,2.75390262803399
"HLADR","Stanford_OSCC_Tris_10min","Stanford_OSCC_Tris_20min",-0.0161718502414541,"",-0.0376617820971728,0.0053180816142647
"HLADR","Stanford_OSCC_Tris_10min","Stanford_OSCC_Tris_40min",0.295623029734209,"medium",0.274157320109473,0.317088739358946
"HLADR","Stanford_OSCC_Tris_10min","Stanford_OSCC_Citra_20min",0.465663487951833,"medium",0.444717305798789,0.486609670104876
"HLADR","Stanford_OSCC_Tris_20min","Stanford_OSCC_Tris_40min",0.301293189745851,"medium",0.279584841505532,0.323001537986169
"HLADR","Stanford_OSCC_Tris_20min","Stanford_OSCC_Citra_20min",0.466608914075527,"medium",0.445414630439405,0.48780319771165
"HLADR","Stanford_OSCC_Tris_40min","Stanford_OSCC_Citra_20min",0.229316998481434,"medium",0.20847982489334,0.250154172069528
"Hoechst","Stanford_OSCC_Tris_10min","Stanford_OSCC_Tris_20min",0.0210076775820712,"small",-0.000482495632087306,0.0424978507962298
"Hoechst","Stanford_OSCC_Tris_10min","Stanford_OSCC_Tris_40min",0.000944103740319676,"small",-0.0204053216382322,0.0222935291188716
"Hoechst","Stanford_OSCC_Tris_10min","Stanford_OSCC_Citra_20min",0.00583260151615488,"small",-0.0148362837688609,0.0265014868011706
"Hoechst","Stanford_OSCC_Tris_20min","Stanford_OSCC_Tris_40min",-0.0206660353255719,"",-0.0422528536651341,0.000920783013990355
"Hoechst","Stanford_OSCC_Tris_20min","Stanford_OSCC_Citra_20min",-0.0158139799833845,"",-0.0367276725312604,0.00509971256449146
"Hoechst","Stanford_OSCC_Tris_40min","Stanford_OSCC_Citra_20min",0.00502005276600654,"small",-0.015749302874493,0.0257894084065061
"Ki67","Stanford_OSCC_Tris_10min","Stanford_OSCC_Tris_20min",-0.0487852223537612,"",-0.0702779979088967,-0.0272924467986257
"Ki67","Stanford_OSCC_Tris_10min","Stanford_OSCC_Tris_40min",-0.3422267069788,"",-0.363731827011401,-0.320721586946199
"Ki67","Stanford_OSCC_Tris_10min","Stanford_OSCC_Citra_20min",0.870530381099875,"large",0.848907789088595,0.892152973111156
"Ki67","Stanford_OSCC_Tris_20min","Stanford_OSCC_Tris_40min",-0.286983076686912,"",-0.308680130281755,-0.26528602309207
"Ki67","Stanford_OSCC_Tris_20min","Stanford_OSCC_Citra_20min",0.885879699086707,"large",0.863970674087057,0.907788724086356
"Ki67","Stanford_OSCC_Tris_40min","Stanford_OSCC_Citra_20min",1.0317064924923,"large",1.00960430685515,1.05380867812944
"Neurofilament","Stanford_OSCC_Tris_10min","Stanford_OSCC_Tris_20min",0.376890669273819,"medium",0.35521123703641,0.398570101511228
"Neurofilament","Stanford_OSCC_Tris_10min","Stanford_OSCC_Tris_40min",1.13015937357738,"large",1.10716886667427,1.15314988048048
"Neurofilament","Stanford_OSCC_Tris_10min","Stanford_OSCC_Citra_20min",2.68120630661268,"large",2.6527487646391,2.70966384858625
"Neurofilament","Stanford_OSCC_Tris_20min","Stanford_OSCC_Tris_40min",0.659828988236805,"medium",0.637663241278864,0.681994735194746
"Neurofilament","Stanford_OSCC_Tris_20min","Stanford_OSCC_Citra_20min",2.25200106761992,"large",2.22530090481381,2.27870123042603
"Neurofilament","Stanford_OSCC_Tris_40min","Stanford_OSCC_Citra_20min",1.78192143874689,"large",1.75738934995135,1.80645352754242
"PD1","Stanford_OSCC_Tris_10min","Stanford_OSCC_Tris_20min",2.75723850564054,"large",2.72723121015523,2.78724580112584
"PD1","Stanford_OSCC_Tris_10min","Stanford_OSCC_Tris_40min",2.53937044382328,"large",2.51067962142309,2.56806126622347
"PD1","Stanford_OSCC_Tris_10min","Stanford_OSCC_Citra_20min",3.37828722620379,"large",3.34612119256737,3.41045325984021
"PD1","Stanford_OSCC_Tris_20min","Stanford_OSCC_Tris_40min",-0.137938301032193,"",-0.159550193830989,-0.116326408233396
"PD1","Stanford_OSCC_Tris_20min","Stanford_OSCC_Citra_20min",0.804883582830717,"large",0.783145016079589,0.826622149581844
"PD1","Stanford_OSCC_Tris_40min","Stanford_OSCC_Citra_20min",0.930902742047891,"large",0.909042139824727,0.952763344271055
"PDL1","Stanford_OSCC_Tris_10min","Stanford_OSCC_Tris_20min",1.91141847879062,"large",1.88548394069028,1.93735301689096
"PDL1","Stanford_OSCC_Tris_10min","Stanford_OSCC_Tris_40min",1.50083942016028,"large",1.47667076517253,1.52500807514803
"PDL1","Stanford_OSCC_Tris_10min","Stanford_OSCC_Citra_20min",2.81541613498912,"large",2.7862768805547,2.84455538942353
"PDL1","Stanford_OSCC_Tris_20min","Stanford_OSCC_Tris_40min",-0.266058885041151,"",-0.287740403197457,-0.244377366884845
"PDL1","Stanford_OSCC_Tris_20min","Stanford_OSCC_Citra_20min",0.743903379258149,"medium",0.72228315335551,0.765523605160788
"PDL1","Stanford_OSCC_Tris_40min","Stanford_OSCC_Citra_20min",0.99687519819943,"large",0.974858989947121,1.01889140645174
"PanCK","Stanford_OSCC_Tris_10min","Stanford_OSCC_Tris_20min",-0.0723939250906997,"",-0.0938905403169995,-0.0508973098643999
"PanCK","Stanford_OSCC_Tris_10min","Stanford_OSCC_Tris_40min",-0.214005468929013,"",-0.235415911334071,-0.192595026523954
"PanCK","Stanford_OSCC_Tris_10min","Stanford_OSCC_Citra_20min",0.537584414275012,"medium",0.51654675748002,0.558622071070004
"PanCK","Stanford_OSCC_Tris_20min","Stanford_OSCC_Tris_40min",-0.110639751689467,"",-0.132242499915222,-0.0890370034637116
"PanCK","Stanford_OSCC_Tris_20min","Stanford_OSCC_Citra_20min",0.558840973001666,"medium",0.537525812767871,0.58015613323546
"PanCK","Stanford_OSCC_Tris_40min","Stanford_OSCC_Citra_20min",0.803149482394606,"large",0.78156260321979,0.824736361569422
"Podoplanin","Stanford_OSCC_Tris_10min","Stanford_OSCC_Tris_20min",0.30359352521115,"medium",0.281980566517251,0.325206483905048
"Podoplanin","Stanford_OSCC_Tris_10min","Stanford_OSCC_Tris_40min",0.586436544175812,"medium",0.564633096365061,0.608239991986564
"Podoplanin","Stanford_OSCC_Tris_10min","Stanford_OSCC_Citra_20min",1.42630503306054,"large",1.40316459248936,1.44944547363173
"Podoplanin","Stanford_OSCC_Tris_20min","Stanford_OSCC_Tris_40min",0.264303609724024,"medium",0.242623341835041,0.285983877613006
"Podoplanin","Stanford_OSCC_Tris_20min","Stanford_OSCC_Citra_20min",1.16646275433028,"large",1.14385101316469,1.18907449549587
"Podoplanin","Stanford_OSCC_Tris_40min","Stanford_OSCC_Citra_20min",0.998403794739452,"large",0.976383868318174,1.02042372116073
"SOX9","Stanford_OSCC_Tris_10min","Stanford_OSCC_Tris_20min",0.868294614928864,"large",0.845815689061262,0.890773540796465
"SOX9","Stanford_OSCC_Tris_10min","Stanford_OSCC_Tris_40min",1.172536148038,"large",1.14942505579136,1.19564724028464
"SOX9","Stanford_OSCC_Tris_10min","Stanford_OSCC_Citra_20min",2.54497210965751,"large",2.51718837312923,2.5727558461858
"SOX9","Stanford_OSCC_Tris_20min","Stanford_OSCC_Tris_40min",0.302303026200207,"medium",0.280593860390558,0.324012192009857
"SOX9","Stanford_OSCC_Tris_20min","Stanford_OSCC_Citra_20min",1.61693157695331,"large",1.59286063526909,1.64100251863753
"SOX9","Stanford_OSCC_Tris_40min","Stanford_OSCC_Citra_20min",1.2988886725103,"large",1.27604277457798,1.32173457044261
"TenascinC","Stanford_OSCC_Tris_10min","Stanford_OSCC_Tris_20min",0.948512620990428,"large",0.92584742858391,0.971177813396946
"TenascinC","Stanford_OSCC_Tris_10min","Stanford_OSCC_Tris_40min",0.753254080756631,"medium",0.731160592797662,0.775347568715599
"TenascinC","Stanford_OSCC_Tris_10min","Stanford_OSCC_Citra_20min",2.53808551690647,"large",2.51033533021498,2.56583570359796
"TenascinC","Stanford_OSCC_Tris_20min","Stanford_OSCC_Tris_40min",-0.200124321416592,"",-0.221764519974188,-0.178484122858996
"TenascinC","Stanford_OSCC_Tris_20min","Stanford_OSCC_Citra_20min",1.63234679339374,"large",1.60821939237606,1.65647419441142
"TenascinC","Stanford_OSCC_Tris_40min","Stanford_OSCC_Citra_20min",1.83101224125318,"large",1.80628685338438,1.85573762912198
"VEGF","Stanford_OSCC_Tris_10min","Stanford_OSCC_Tris_20min",0.450666571429381,"medium",0.428906047101593,0.47242709575717
"VEGF","Stanford_OSCC_Tris_10min","Stanford_OSCC_Tris_40min",0.667737917286943,"medium",0.645801660908218,0.689674173665667
"VEGF","Stanford_OSCC_Tris_10min","Stanford_OSCC_Citra_20min",2.18914614972028,"large",2.16302572540193,2.21526657403862
"VEGF","Stanford_OSCC_Tris_20min","Stanford_OSCC_Tris_40min",0.202379673209309,"medium",0.180738253209326,0.224021093209293
"VEGF","Stanford_OSCC_Tris_20min","Stanford_OSCC_Citra_20min",1.7691056413338,"large",1.74446007072309,1.79375121194452
"VEGF","Stanford_OSCC_Tris_40min","Stanford_OSCC_Citra_20min",1.62500319785113,"large",1.60106319673416,1.6489431989681
"aSMA","Stanford_OSCC_Tris_10min","Stanford_OSCC_Tris_20min",1.02365297400594,"large",1.00079994223714,1.04650600577474
"aSMA","Stanford_OSCC_Tris_10min","Stanford_OSCC_Tris_40min",0.55561377765451,"medium",0.533856366792017,0.577371188517004
"aSMA","Stanford_OSCC_Tris_10min","Stanford_OSCC_Citra_20min",1.32904457517718,"large",1.30621441344687,1.35187473690748
"aSMA","Stanford_OSCC_Tris_20min","Stanford_OSCC_Tris_40min",-0.45737756668133,"",-0.479244173704615,-0.435510959658045
"aSMA","Stanford_OSCC_Tris_20min","Stanford_OSCC_Citra_20min",0.37723276165204,"medium",0.356135363558436,0.398330159745644
"aSMA","Stanford_OSCC_Tris_40min","Stanford_OSCC_Citra_20min",0.807622341296557,"large",0.786026505358627,0.829218177234486
"pCREB","Stanford_OSCC_Tris_10min","Stanford_OSCC_Tris_20min",0.409088603339744,"medium",0.387375521526553,0.430801685152935
"pCREB","Stanford_OSCC_Tris_10min","Stanford_OSCC_Tris_40min",0.709644327632807,"medium",0.687633245953676,0.731655409311939
"pCREB","Stanford_OSCC_Tris_10min","Stanford_OSCC_Citra_20min",0.382525269922724,"medium",0.361668873948573,0.403381665896875
"pCREB","Stanford_OSCC_Tris_20min","Stanford_OSCC_Tris_40min",0.253586946706533,"medium",0.231914134194345,0.27525975921872
"pCREB","Stanford_OSCC_Tris_20min","Stanford_OSCC_Citra_20min",-0.0548966178566861,"",-0.0758138996379822,-0.03397933607539
"pCREB","Stanford_OSCC_Tris_40min","Stanford_OSCC_Citra_20min",-0.332867349127198,"",-0.353779378255394,-0.311955319999002
"pMK2","Stanford_OSCC_Tris_10min","Stanford_OSCC_Tris_20min",0.666030266696497,"medium",0.643953211173865,0.688107322219129
"pMK2","Stanford_OSCC_Tris_10min","Stanford_OSCC_Tris_40min",0.765427155301428,"medium",0.74330984498956,0.787544465613296
"pMK2","Stanford_OSCC_Tris_10min","Stanford_OSCC_Citra_20min",1.39734031683355,"large",1.37429412650474,1.42038650716237
"pMK2","Stanford_OSCC_Tris_20min","Stanford_OSCC_Tris_40min",0.0872020033134431,"small",0.0656055060902146,0.108798500536672
"pMK2","Stanford_OSCC_Tris_20min","Stanford_OSCC_Citra_20min",0.695932275148594,"medium",0.674399006932572,0.717465543364617
"pMK2","Stanford_OSCC_Tris_40min","Stanford_OSCC_Citra_20min",0.61525405276633,"medium",0.594001145962487,0.636506959570172
"pNFkB","Stanford_OSCC_Tris_10min","Stanford_OSCC_Tris_20min",1.42682330003622,"large",1.40275540394957,1.45089119612288
"pNFkB","Stanford_OSCC_Tris_10min","Stanford_OSCC_Tris_40min",1.91375671410145,"large",1.88797981603069,1.9395336121722
"pNFkB","Stanford_OSCC_Tris_10min","Stanford_OSCC_Citra_20min",3.20718044643309,"large",3.17596060791425,3.23840028495193
"pNFkB","Stanford_OSCC_Tris_20min","Stanford_OSCC_Tris_40min",0.550255026437735,"medium",0.52826415097937,0.572245901896101
"pNFkB","Stanford_OSCC_Tris_20min","Stanford_OSCC_Citra_20min",1.80482098112105,"large",1.7800351199231,1.829606842319
"pNFkB","Stanford_OSCC_Tris_40min","Stanford_OSCC_Citra_20min",1.21058556953714,"large",1.18800152507395,1.23316961400032
"pS6","Stanford_OSCC_Tris_10min","Stanford_OSCC_Tris_20min",0.400586672318885,"medium",0.378882738455917,0.422290606181853
"pS6","Stanford_OSCC_Tris_10min","Stanford_OSCC_Tris_40min",0.669163995155615,"medium",0.64722526322592,0.691102727085311
"pS6","Stanford_OSCC_Tris_10min","Stanford_OSCC_Citra_20min",0.750358206047123,"medium",0.728976697012691,0.771739715081555
"pS6","Stanford_OSCC_Tris_20min","Stanford_OSCC_Tris_40min",0.214836723835125,"medium",0.193188312136632,0.236485135533617
"pS6","Stanford_OSCC_Tris_20min","Stanford_OSCC_Citra_20min",0.375877364102082,"medium",0.354781280358761,0.396973447845402
"pS6","Stanford_OSCC_Tris_40min","Stanford_OSCC_Citra_20min",0.208331060352533,"medium",0.187505721259879,0.229156399445188
"pSTAT1","Stanford_OSCC_Tris_10min","Stanford_OSCC_Tris_20min",1.80835682899919,"large",1.78285229837513,1.83386135962325
"pSTAT1","Stanford_OSCC_Tris_10min","Stanford_OSCC_Tris_40min",2.14744415561601,"large",2.12063900813488,2.17424930309713
"pSTAT1","Stanford_OSCC_Tris_10min","Stanford_OSCC_Citra_20min",2.59286551686407,"large",2.56484707428624,2.62088395944189
"pSTAT1","Stanford_OSCC_Tris_20min","Stanford_OSCC_Tris_40min",0.214331141959707,"medium",0.19268302210979,0.235979261809623
"pSTAT1","Stanford_OSCC_Tris_20min","Stanford_OSCC_Citra_20min",1.00533263852947,"large",0.983145280039195,1.02751999701975
"pSTAT1","Stanford_OSCC_Tris_40min","Stanford_OSCC_Citra_20min",0.841509757121351,"large",0.819844572384187,0.863174941858515
"pSTAT3","Stanford_OSCC_Tris_10min","Stanford_OSCC_Tris_20min",1.43623303251118,"large",1.41213286610259,1.46033319891978
"pSTAT3","Stanford_OSCC_Tris_10min","Stanford_OSCC_Tris_40min",1.37935557501928,"large",1.355602885741,1.40310826429755
"pSTAT3","Stanford_OSCC_Tris_10min","Stanford_OSCC_Citra_20min",2.42034482061889,"large",2.39316027789399,2.4475293633438
"pSTAT3","Stanford_OSCC_Tris_20min","Stanford_OSCC_Tris_40min",-0.0789366966338428,"",-0.100531342342749,-0.0573420509249367
"pSTAT3","Stanford_OSCC_Tris_20min","Stanford_OSCC_Citra_20min",1.11695186060206,"large",1.09447634639133,1.1394273748128
"pSTAT3","Stanford_OSCC_Tris_40min","Stanford_OSCC_Citra_20min",1.20197093719407,"large",1.17941160781192,1.22453026657622
"pSTAT5","Stanford_OSCC_Tris_10min","Stanford_OSCC_Tris_20min",3.30154286820252,"large",3.26851692269042,3.33456881371463
"pSTAT5","Stanford_OSCC_Tris_10min","Stanford_OSCC_Tris_40min",3.65345045822507,"large",3.61857616696866,3.68832474948149
"pSTAT5","Stanford_OSCC_Tris_10min","Stanford_OSCC_Citra_20min",3.89253352701832,"large",3.85740998386654,3.92765707017011
"pSTAT5","Stanford_OSCC_Tris_20min","Stanford_OSCC_Tris_40min",0.190606989927168,"small",0.168971795681644,0.212242184172693
"pSTAT5","Stanford_OSCC_Tris_20min","Stanford_OSCC_Citra_20min",1.1907971260032,"large",1.16811657751942,1.21347767448697
"pSTAT5","Stanford_OSCC_Tris_40min","Stanford_OSCC_Citra_20min",1.05188964999075,"large",1.02973645164878,1.07404284833271
