"Staining_condition","Marker","CV","Is_Excluded"
"Stanford_MIBI_Colon_Citra_20min","Vimentin",0.373323930648869,FALSE
"Stanford_MIBI_Colon_Citra_20min","aSMA",0.206995801719818,FALSE
"Stanford_MIBI_Colon_Citra_20min","Mast Cell Tryptase",0.190264419363364,FALSE
"Stanford_MIBI_Colon_Citra_20min","IDO",0.320420654364146,FALSE
"Stanford_MIBI_Colon_Citra_20min","CD163",0.51294120535968,FALSE
"Stanford_MIBI_Colon_Citra_20min","CD68",0.73086589855866,FALSE
"Stanford_MIBI_Colon_Citra_20min","CD56",0.32123484161005,FALSE
"Stanford_MIBI_Colon_Citra_20min","CD31",0.700674621000953,FALSE
"Stanford_MIBI_Colon_Citra_20min","CD8",NA,TRUE
"Stanford_MIBI_Colon_Citra_20min","CD4",NA,TRUE
"Stanford_MIBI_Colon_Tris_10min","Vimentin",0.173980247869121,FALSE
"Stanford_MIBI_Colon_Tris_10min","aSMA",0.101357731887773,FALSE
"Stanford_MIBI_Colon_Tris_10min","Mast Cell Tryptase",0.0865867839578309,FALSE
"Stanford_MIBI_Colon_Tris_10min","IDO",0.128904963056354,FALSE
"Stanford_MIBI_Colon_Tris_10min","CD163",0.251507363263747,FALSE
"Stanford_MIBI_Colon_Tris_10min","CD68",0.46157164814321,FALSE
"Stanford_MIBI_Colon_Tris_10min","CD56",0.135140435668356,FALSE
"Stanford_MIBI_Colon_Tris_10min","CD31",0.546608946340561,FALSE
"Stanford_MIBI_Colon_Tris_10min","CD8",1.54955879490312,FALSE
"Stanford_MIBI_Colon_Tris_10min","CD4",NA,TRUE
"Stanford_MIBI_Colon_Tris_20min","Vimentin",0.230151413636797,FALSE
"Stanford_MIBI_Colon_Tris_20min","aSMA",0.0694683026885324,FALSE
"Stanford_MIBI_Colon_Tris_20min","Mast Cell Tryptase",0.111668440637713,FALSE
"Stanford_MIBI_Colon_Tris_20min","IDO",0.170593552507296,FALSE
"Stanford_MIBI_Colon_Tris_20min","CD163",0.322911338121918,FALSE
"Stanford_MIBI_Colon_Tris_20min","CD68",0.418753318108698,FALSE
"Stanford_MIBI_Colon_Tris_20min","CD56",0.104982328481559,FALSE
"Stanford_MIBI_Colon_Tris_20min","CD31",0.428860679449336,FALSE
"Stanford_MIBI_Colon_Tris_20min","CD8",1.22336677576991,FALSE
"Stanford_MIBI_Colon_Tris_20min","CD4",0.429040827769699,FALSE
"Stanford_MIBI_Colon_Tris_40min","Vimentin",0.183279746523403,FALSE
"Stanford_MIBI_Colon_Tris_40min","aSMA",0.0948925002292431,FALSE
"Stanford_MIBI_Colon_Tris_40min","Mast Cell Tryptase",NA,TRUE
"Stanford_MIBI_Colon_Tris_40min","IDO",0.151259543880959,FALSE
"Stanford_MIBI_Colon_Tris_40min","CD163",0.344220564007425,FALSE
"Stanford_MIBI_Colon_Tris_40min","CD68",0.431242112964558,FALSE
"Stanford_MIBI_Colon_Tris_40min","CD56",0.19340469619536,FALSE
"Stanford_MIBI_Colon_Tris_40min","CD31",0.510022319119228,FALSE
"Stanford_MIBI_Colon_Tris_40min","CD8",1.32818756853283,FALSE
"Stanford_MIBI_Colon_Tris_40min","CD4",0.555155029376094,FALSE
