"Staining_condition","Marker","CV","Is_Excluded"
"Stanford_Slide13","CD31",0.586507766527427,FALSE
"Stanford_Slide13","aSMA",0.397305127743554,FALSE
"Stanford_Slide13","CD68",0.0430152858530345,FALSE
"Stanford_Slide13","HLAABC",0.318459366838698,FALSE
"Stanford_Slide13","Vimentin",0.370146878256137,FALSE
"Stanford_Slide13","CD163",0.294944543486181,FALSE
"Stanford_Slide13","CD8a",0.0139699588289749,FALSE
"Stanford_Slide13","CD4",0.197163351513705,FALSE
"Stanford_Slide13","PDL1",0.212691672991343,FALSE
"Stanford_Slide13","CD3e",0.354832567759701,FALSE
"Stanford_Slide13","CD45RO",0.19409026009096,FALSE
"Stanford_Slide13","PD1",0.203323181198757,FALSE
"Stanford_Slide14","CD31",0.48151287161476,FALSE
"Stanford_Slide14","aSMA",0.230599255478129,FALSE
"Stanford_Slide14","CD68",0.0698911980697869,FALSE
"Stanford_Slide14","HLAABC",0.195809506084175,FALSE
"Stanford_Slide14","Vimentin",0.236055022500627,FALSE
"Stanford_Slide14","CD163",0.310943526911748,FALSE
"Stanford_Slide14","CD8a",0.0137443419705391,FALSE
"Stanford_Slide14","CD4",0.253763918408199,FALSE
"Stanford_Slide14","PDL1",0.239354901179053,FALSE
"Stanford_Slide14","CD3e",0.338969825680801,FALSE
"Stanford_Slide14","CD45RO",0.243229084634957,FALSE
"Stanford_Slide14","PD1",0.170163055708378,FALSE
"Stanford_Slide15","CD31",0.499737979305702,FALSE
"Stanford_Slide15","aSMA",0.20043738833501,FALSE
"Stanford_Slide15","CD68",0.0624414894754841,FALSE
"Stanford_Slide15","HLAABC",0.216433867019915,FALSE
"Stanford_Slide15","Vimentin",0.276897891091014,FALSE
"Stanford_Slide15","CD163",0.294482551360333,FALSE
"Stanford_Slide15","CD8a",0.0153051794896117,FALSE
"Stanford_Slide15","CD4",0.249230350271719,FALSE
"Stanford_Slide15","PDL1",0.277375647787197,FALSE
"Stanford_Slide15","CD3e",0.37104720922272,FALSE
"Stanford_Slide15","CD45RO",0.338620037999469,FALSE
"Stanford_Slide15","PD1",0.151842241048591,FALSE
"Stanford_Slide16","CD31",0.444689722765274,FALSE
"Stanford_Slide16","aSMA",0.216911318968222,FALSE
"Stanford_Slide16","CD68",0.0764482560344234,FALSE
"Stanford_Slide16","HLAABC",0.189286354505444,FALSE
"Stanford_Slide16","Vimentin",0.248904352487512,FALSE
"Stanford_Slide16","CD163",0.304346995744411,FALSE
"Stanford_Slide16","CD8a",0.208243669946229,FALSE
"Stanford_Slide16","CD4",0.242135914508049,FALSE
"Stanford_Slide16","PDL1",0.255102159251143,FALSE
"Stanford_Slide16","CD3e",0.359278495553192,FALSE
"Stanford_Slide16","CD45RO",0.35327342789311,FALSE
"Stanford_Slide16","PD1",0.218159059966518,FALSE
"Stanford_Slide21","CD31",0.721712559087626,FALSE
"Stanford_Slide21","aSMA",0.329722831274679,FALSE
"Stanford_Slide21","CD68",0.0521520770801502,FALSE
"Stanford_Slide21","HLAABC",0.240119428871203,FALSE
"Stanford_Slide21","Vimentin",0.35008616114057,FALSE
"Stanford_Slide21","CD163",0.296331173391684,FALSE
"Stanford_Slide21","CD8a",0.0143749181060819,FALSE
"Stanford_Slide21","CD4",0.242191908410534,FALSE
"Stanford_Slide21","PDL1",0.195598003479024,FALSE
"Stanford_Slide21","CD3e",0.354211766123903,FALSE
"Stanford_Slide21","CD45RO",0.156777345384617,FALSE
"Stanford_Slide21","PD1",0.185467408883472,FALSE
"Stanford_Slide22","CD31",1.04728195200034,FALSE
"Stanford_Slide22","aSMA",0.356268912273662,FALSE
"Stanford_Slide22","CD68",0.153781348058734,FALSE
"Stanford_Slide22","HLAABC",0.225275791624432,FALSE
"Stanford_Slide22","Vimentin",0.307573526672582,FALSE
"Stanford_Slide22","CD163",0.413276248369504,FALSE
"Stanford_Slide22","CD8a",0.0135234353139922,FALSE
"Stanford_Slide22","CD4",0.286227091025694,FALSE
"Stanford_Slide22","PDL1",0.334777692576336,FALSE
"Stanford_Slide22","CD3e",0.362555798792964,FALSE
"Stanford_Slide22","CD45RO",0.337830151349186,FALSE
"Stanford_Slide22","PD1",0.192946488326043,FALSE
"Stanford_Slide23","CD31",0.254716062275402,FALSE
"Stanford_Slide23","aSMA",0.156680019726572,FALSE
"Stanford_Slide23","CD68",0.043512021279671,FALSE
"Stanford_Slide23","HLAABC",0.273964005388133,FALSE
"Stanford_Slide23","Vimentin",0.183131460065944,FALSE
"Stanford_Slide23","CD163",0.225427000141985,FALSE
"Stanford_Slide23","CD8a",0.0144580908940626,FALSE
"Stanford_Slide23","CD4",0.172092788767278,FALSE
"Stanford_Slide23","PDL1",0.140710410238372,FALSE
"Stanford_Slide23","CD3e",0.260959264982259,FALSE
"Stanford_Slide23","CD45RO",0.116018290933737,FALSE
"Stanford_Slide23","PD1",0.218319930107551,FALSE
"Stanford_Slide24","CD31",0.431143529823272,FALSE
"Stanford_Slide24","aSMA",0.451441969566446,FALSE
"Stanford_Slide24","CD68",0.0487637336043083,FALSE
"Stanford_Slide24","HLAABC",0.185302276058587,FALSE
"Stanford_Slide24","Vimentin",0.310176950548545,FALSE
"Stanford_Slide24","CD163",0.338574747352481,FALSE
"Stanford_Slide24","CD8a",0.0114926845755522,FALSE
"Stanford_Slide24","CD4",0.331619682741898,FALSE
"Stanford_Slide24","PDL1",0.456127174497489,FALSE
"Stanford_Slide24","CD3e",0.40708978592466,FALSE
"Stanford_Slide24","CD45RO",0.254193649993276,FALSE
"Stanford_Slide24","PD1",0.196522926823828,FALSE
"Stanford_Slide5","CD31",0.810475932276391,FALSE
"Stanford_Slide5","aSMA",0.394160397946867,FALSE
"Stanford_Slide5","CD68",0.05097836155164,FALSE
"Stanford_Slide5","HLAABC",0.224196208402982,FALSE
"Stanford_Slide5","Vimentin",0.255426415240986,FALSE
"Stanford_Slide5","CD163",0.289395510846982,FALSE
"Stanford_Slide5","CD8a",0.0137542880595673,FALSE
"Stanford_Slide5","CD4",0.192164959715433,FALSE
"Stanford_Slide5","PDL1",0.195803213646839,FALSE
"Stanford_Slide5","CD3e",0.302962277542337,FALSE
"Stanford_Slide5","CD45RO",0.137775077005791,FALSE
"Stanford_Slide5","PD1",0.299028776333214,FALSE
"Stanford_Slide6","CD31",0.487737588149586,FALSE
"Stanford_Slide6","aSMA",0.224731466054562,FALSE
"Stanford_Slide6","CD68",0.214572981245918,FALSE
"Stanford_Slide6","HLAABC",0.23696383516,FALSE
"Stanford_Slide6","Vimentin",0.282283015054313,FALSE
"Stanford_Slide6","CD163",0.422441791936375,FALSE
"Stanford_Slide6","CD8a",0.0121377018366657,FALSE
"Stanford_Slide6","CD4",0.25136920521362,FALSE
"Stanford_Slide6","PDL1",0.281420386746789,FALSE
"Stanford_Slide6","CD3e",0.385692419484163,FALSE
"Stanford_Slide6","CD45RO",0.299065912685759,FALSE
"Stanford_Slide6","PD1",0.154413852166336,FALSE
"Stanford_Slide7","CD31",0.338632762919862,FALSE
"Stanford_Slide7","aSMA",0.213781933866004,FALSE
"Stanford_Slide7","CD68",0.0363190899530533,FALSE
"Stanford_Slide7","HLAABC",0.310309774345303,FALSE
"Stanford_Slide7","Vimentin",0.253963059437084,FALSE
"Stanford_Slide7","CD163",0.242435562624552,FALSE
"Stanford_Slide7","CD8a",0.013798719498695,FALSE
"Stanford_Slide7","CD4",0.198798484096194,FALSE
"Stanford_Slide7","PDL1",0.180508675457333,FALSE
"Stanford_Slide7","CD3e",0.299003942972661,FALSE
"Stanford_Slide7","CD45RO",0.136751415624581,FALSE
"Stanford_Slide7","PD1",0.228466205293085,FALSE
"Stanford_Slide8","CD31",0.229183069586011,FALSE
"Stanford_Slide8","aSMA",0.293461503582434,FALSE
"Stanford_Slide8","CD68",0.091003309444079,FALSE
"Stanford_Slide8","HLAABC",0.287053565940438,FALSE
"Stanford_Slide8","Vimentin",0.462955614342053,FALSE
"Stanford_Slide8","CD163",0.482270180898248,FALSE
"Stanford_Slide8","CD8a",0.0101240118886002,FALSE
"Stanford_Slide8","CD4",0.405553161314901,FALSE
"Stanford_Slide8","PDL1",NA,TRUE
"Stanford_Slide8","CD3e",0.48701668872166,FALSE
"Stanford_Slide8","CD45RO",0.565176150093644,FALSE
"Stanford_Slide8","PD1",0.0780654832935169,FALSE
