"Staining_condition","Marker","CV","Is_Excluded","Z_score"
"Stanford_MIBI_Slide2","Vimentin",0.117506541934876,FALSE,1.46439561856766
"Stanford_MIBI_Slide2","aSMA",0.0738794369654047,FALSE,-0.336042096486736
"Stanford_MIBI_Slide2","PD1",0.344278047392279,FALSE,-0.222210978360107
"Stanford_MIBI_Slide2","Mast Cell Tryptase",0.183145912210399,FALSE,0.972221422492484
"Stanford_MIBI_Slide2","Ki67",0.151453420662295,FALSE,0.225204607726917
"Stanford_MIBI_Slide2","IDO",0.144013838090532,FALSE,1.19936473998122
"Stanford_MIBI_Slide2","ICOS",0.0812463677261783,FALSE,-0.701434450462215
"Stanford_MIBI_Slide2","HLADR",0.242010303116136,FALSE,0.859065475939176
"Stanford_MIBI_Slide2","HLA1 ABC",0.203150372335525,FALSE,1.43665528452336
"Stanford_MIBI_Slide2","Granzyme B",0.47915891447771,FALSE,-0.347248971402785
"Stanford_MIBI_Slide2","FOXP3",0.284479156127333,FALSE,0.0921499514177938
"Stanford_MIBI_Slide2","CD68",0.180794849964045,FALSE,0.364738961409
"Stanford_MIBI_Slide2","CD45",0.0694051699846688,FALSE,1.06772260058464
"Stanford_MIBI_Slide2","CD31",0.156824041234519,FALSE,0.120500126987577
"Stanford_MIBI_Slide2","CD20",0.159926154668199,FALSE,1.46463316614356
"Stanford_MIBI_Slide2","CD14",0.237419432990702,FALSE,0.741143496263502
"Stanford_MIBI_Slide2","CD11c",0.391728937387242,FALSE,0.268992336559769
"Stanford_MIBI_Slide2","CD8",0.328769210222924,FALSE,-0.269786648226202
"Stanford_MIBI_Slide2","CD4",0.127469249112732,FALSE,-0.546702965565312
"Stanford_MIBI_Slide2","CD3e",0.197630552809224,FALSE,0.0116958134243753
"Stanford_MIBI_Slide2","Calprotein",0.587582243758376,FALSE,-0.127139216209815
"Stanford_MIBI_Slide3","Vimentin",0.0519410673474049,FALSE,-0.29559781544667
"Stanford_MIBI_Slide3","aSMA",0.0648894349229754,FALSE,-0.821471718467454
"Stanford_MIBI_Slide3","PD1",0.287933767087286,FALSE,-0.814173072813223
"Stanford_MIBI_Slide3","Mast Cell Tryptase",0.0811661007538514,FALSE,-0.751801710754574
"Stanford_MIBI_Slide3","Ki67",0.119299093850917,FALSE,-1.04444508489332
"Stanford_MIBI_Slide3","IDO",0.0528909321341664,FALSE,-0.948399847204288
"Stanford_MIBI_Slide3","ICOS",0.0874041600584081,FALSE,-0.562110917667116
"Stanford_MIBI_Slide3","HLADR",0.176174022408394,FALSE,-0.428333376026052
"Stanford_MIBI_Slide3","HLA1 ABC",0.126123608817351,FALSE,-0.0895142848357832
"Stanford_MIBI_Slide3","Granzyme B",0.408510078935899,FALSE,-0.77756263461015
"Stanford_MIBI_Slide3","FOXP3",0.238767050940489,FALSE,-1.04288553436098
"Stanford_MIBI_Slide3","CD68",0.106588801645928,FALSE,-1.11698507328107
"Stanford_MIBI_Slide3","CD45",0.0450122152506957,FALSE,-0.601071156144095
"Stanford_MIBI_Slide3","CD31",0.113427006616654,FALSE,-0.944702128823067
"Stanford_MIBI_Slide3","CD20",0.13728210774893,FALSE,-0.18317898442229
"Stanford_MIBI_Slide3","CD14",0.162645600641865,FALSE,-0.528037960579445
"Stanford_MIBI_Slide3","CD11c",0.34560624613761,FALSE,-0.655201354433234
"Stanford_MIBI_Slide3","CD8",0.261764712901867,FALSE,-0.84183266431518
"Stanford_MIBI_Slide3","CD4",0.116557671641417,FALSE,-0.770975497578793
"Stanford_MIBI_Slide3","CD3e",0.134933627199214,FALSE,-0.91427123295018
"Stanford_MIBI_Slide3","Calprotein",0.52707424470867,FALSE,-0.787159701086628
"Stanford_MIBI_Slide4","Vimentin",0.033496768262034,FALSE,-0.790703593136756
"Stanford_MIBI_Slide4","aSMA",0.0745579225119914,FALSE,-0.299406177958072
"Stanford_MIBI_Slide4","PD1",0.325698662253595,FALSE,-0.417408994570671
"Stanford_MIBI_Slide4","Mast Cell Tryptase",0.0684865724958544,FALSE,-0.966155902267872
"Stanford_MIBI_Slide4","Ki67",0.134025065588053,FALSE,-0.4629735585489
"Stanford_MIBI_Slide4","IDO",0.0639819425815747,FALSE,-0.686985011658387
"Stanford_MIBI_Slide4","ICOS",0.103275318561958,FALSE,-0.203016983840867
"Stanford_MIBI_Slide4","HLADR",0.136108190738702,FALSE,-1.21180269021116
"Stanford_MIBI_Slide4","HLA1 ABC",0.0915219197307894,FALSE,-0.775094757392933
"Stanford_MIBI_Slide4","Granzyme B",0.479734405674159,FALSE,-0.343743722901683
"Stanford_MIBI_Slide4","FOXP3",0.319057596354048,FALSE,0.950735582943184
"Stanford_MIBI_Slide4","CD68",0.140427525763388,FALSE,-0.441303616519735
"Stanford_MIBI_Slide4","CD45",0.0382026668800863,FALSE,-1.06693238250831
"Stanford_MIBI_Slide4","CD31",0.130558058866163,FALSE,-0.524211750591688
"Stanford_MIBI_Slide4","CD20",0.13084629379731,FALSE,-0.651514545908643
"Stanford_MIBI_Slide4","CD14",0.126404742663357,FALSE,-1.14317595045561
"Stanford_MIBI_Slide4","CD11c",0.333002423844534,FALSE,-0.907753248740794
"Stanford_MIBI_Slide4","CD8",0.320684561384718,FALSE,-0.338808748895274
"Stanford_MIBI_Slide4","CD4",0.147835197244727,FALSE,-0.128108791952475
"Stanford_MIBI_Slide4","CD3e",0.163938349276007,FALSE,-0.485902272733179
"Stanford_MIBI_Slide4","Calprotein",0.550711942314314,FALSE,-0.529319995922482
"Stanford_MIBI_Slide5","Vimentin",0.0488678085754822,FALSE,-0.378094209984239
"Stanford_MIBI_Slide5","aSMA",0.107084523997229,FALSE,1.45691999291226
"Stanford_MIBI_Slide5","PD1",0.503803870770647,FALSE,1.453793045744
"Stanford_MIBI_Slide5","Mast Cell Tryptase",0.169748805867789,FALSE,0.745736190529963
"Stanford_MIBI_Slide5","Ki67",0.178222557683157,FALSE,1.2822140357153
"Stanford_MIBI_Slide5","IDO",0.111627523251474,FALSE,0.43602011888146
"Stanford_MIBI_Slide5","ICOS",0.177067036485352,FALSE,1.4665623519702
"Stanford_MIBI_Slide5","HLADR",0.238021723215665,FALSE,0.781070590298035
"Stanford_MIBI_Slide5","HLA1 ABC",0.101769909383577,FALSE,-0.572046242294647
"Stanford_MIBI_Slide5","Granzyme B",0.77727740421625,FALSE,1.46855532891462
"Stanford_MIBI_Slide5","FOXP3",NA,TRUE,NA
"Stanford_MIBI_Slide5","CD68",0.222302425181427,FALSE,1.19354972839181
"Stanford_MIBI_Slide5","CD45",0.0625725201928222,FALSE,0.60028093806776
"Stanford_MIBI_Slide5","CD31",0.206850043170082,FALSE,1.34841375242718
"Stanford_MIBI_Slide5","CD20",0.131142773754886,FALSE,-0.629939635812632
"Stanford_MIBI_Slide5","CD14",0.248550063409652,FALSE,0.930070414771552
"Stanford_MIBI_Slide5","CD11c",0.44288095463729,FALSE,1.29396226661426
"Stanford_MIBI_Slide5","CD8",0.530260206862118,FALSE,1.45042806143666
"Stanford_MIBI_Slide5","CD4",0.224410284238173,FALSE,1.44578725509658
"Stanford_MIBI_Slide5","CD3e",0.290852003158319,FALSE,1.38847769225898
"Stanford_MIBI_Slide5","Calprotein",0.7315829734032,FALSE,1.44361891321892
