"Marker","Condition1","Condition2","Cohens_d","Size_of_effect","Lower_CI","Upper_CI"
"CD11b","BIDMC_Tonsil_1","BIDMC_Tonsil_4",1.84301655311597,"large",1.83753438337263,1.8484987228593
"CD11b","BIDMC_Tonsil_2","BIDMC_Tonsil_4",1.90252887356192,"large",1.89699569583805,1.90806205128579
"CD11b","BIDMC_Tonsil_3","BIDMC_Tonsil_4",1.56835943239434,"large",1.56311450754115,1.57360435724752
"CD11c","BIDMC_Tonsil_1","BIDMC_Tonsil_4",1.87182949498813,"large",1.86632164175951,1.87733734821676
"CD11c","BIDMC_Tonsil_2","BIDMC_Tonsil_4",2.02376587604534,"large",2.01812049920421,2.02941125288647
"CD11c","BIDMC_Tonsil_3","BIDMC_Tonsil_4",1.73218724311037,"large",1.72680845717641,1.73756602904434
"CD138","BIDMC_Tonsil_1","BIDMC_Tonsil_4",1.97624375103065,"large",1.97064053665349,1.9818469654078
"CD138","BIDMC_Tonsil_2","BIDMC_Tonsil_3",0.874325183652158,"large",0.869521108942286,0.87912925836203
"CD138","BIDMC_Tonsil_2","BIDMC_Tonsil_4",2.34736069408563,"large",2.3413943538557,2.35332703431557
"CD138","BIDMC_Tonsil_3","BIDMC_Tonsil_4",1.66203367843128,"large",1.6567134256817,1.66735393118086
"CD20","BIDMC_Tonsil_1","BIDMC_Tonsil_4",1.16136136976008,"large",1.15639613387838,1.16632660564179
"CD20","BIDMC_Tonsil_2","BIDMC_Tonsil_4",1.21987759612805,"large",1.21487761415322,1.22487757810289
"CD20","BIDMC_Tonsil_3","BIDMC_Tonsil_4",1.00209779690626,"large",0.997231471269927,1.0069641225426
"CD3","BIDMC_Tonsil_1","BIDMC_Tonsil_4",0.968345998414183,"large",0.963491150251678,0.973200846576688
"CD3","BIDMC_Tonsil_2","BIDMC_Tonsil_4",1.13545541826833,"large",1.1305081060012,1.14040273053546
"CD31","BIDMC_Tonsil_1","BIDMC_Tonsil_4",1.59363197621091,"large",1.58835996720993,1.59890398521188
"CD31","BIDMC_Tonsil_2","BIDMC_Tonsil_4",1.41413633190407,"large",1.40900329929198,1.41926936451617
"CD31","BIDMC_Tonsil_3","BIDMC_Tonsil_4",1.21852332587343,"large",1.21352881842509,1.22351783332176
"CD45","BIDMC_Tonsil_1","BIDMC_Tonsil_4",0.932908083918543,"large",0.928071569349692,0.937744598487393
"CD45","BIDMC_Tonsil_2","BIDMC_Tonsil_4",1.0986760540034,"large",1.09375067151434,1.10360143649245
"CD45RA","BIDMC_Tonsil_1","BIDMC_Tonsil_4",0.860537404413336,"large",0.855736404690075,0.865338404136597
"CD45RA","BIDMC_Tonsil_2","BIDMC_Tonsil_4",1.08448840514726,"large",1.07957131447401,1.08940549582051
"CD68","BIDMC_Tonsil_1","BIDMC_Tonsil_4",1.27448116678217,"large",1.26944329073351,1.27951904283083
"CD68","BIDMC_Tonsil_2","BIDMC_Tonsil_4",1.38737413476002,"large",1.38226038109623,1.39248788842381
"CD68","BIDMC_Tonsil_3","BIDMC_Tonsil_4",1.31111403777088,"large",1.30605823837389,1.31616983716787
"CD8","BIDMC_Tonsil_1","BIDMC_Tonsil_4",0.883447683611118,"large",0.8786357231412,0.888259644081037
"CD8","BIDMC_Tonsil_2","BIDMC_Tonsil_4",1.00643738945713,"large",1.00156422056819,1.01131055834608
"Cytokeratin","BIDMC_Tonsil_1","BIDMC_Tonsil_4",0.887557777200297,"large",0.882743822599215,0.892371731801378
"Cytokeratin","BIDMC_Tonsil_2","BIDMC_Tonsil_4",0.867053544985464,"large",0.862251490906585,0.871855599064342
"FoxP3","BIDMC_Tonsil_1","BIDMC_Tonsil_4",3.9728794370238,"large",3.96495984623014,3.98079902781746
"FoxP3","BIDMC_Tonsil_2","BIDMC_Tonsil_4",4.03673332223414,"large",4.02873241948053,4.04473422498776
"FoxP3","BIDMC_Tonsil_3","BIDMC_Tonsil_4",3.92628546770046,"large",3.91843795020245,3.93413298519848
"GranzymeB","BIDMC_Tonsil_1","BIDMC_Tonsil_4",2.29993706547582,"large",2.2940170833505,2.30585704760114
"GranzymeB","BIDMC_Tonsil_2","BIDMC_Tonsil_4",2.57539787855989,"large",2.56918860870626,2.58160714841352
"GranzymeB","BIDMC_Tonsil_3","BIDMC_Tonsil_4",2.19174532900247,"large",2.18594240167726,2.19754825632767
"H3K27ac","BIDMC_Tonsil_1","BIDMC_Tonsil_4",1.98816527211758,"large",1.98255094716221,1.99377959707295
"H3K27ac","BIDMC_Tonsil_2","BIDMC_Tonsil_4",1.83548010244672,"large",1.83000692380319,1.84095328109025
"H3K27ac","BIDMC_Tonsil_3","BIDMC_Tonsil_4",1.70880504456341,"large",1.70344596506812,1.7141641240587
"H3K27me3","BIDMC_Tonsil_1","BIDMC_Tonsil_4",0.87022625748435,"large",0.865420654512344,0.875031860456355
"H3K27me3","BIDMC_Tonsil_2","BIDMC_Tonsil_4",0.906787803870562,"large",0.901966451979034,0.911609155762089
"HLADRA","BIDMC_Tonsil_1","BIDMC_Tonsil_4",0.985107058878979,"large",0.980243326364361,0.989970791393597
"HLADRA","BIDMC_Tonsil_2","BIDMC_Tonsil_4",1.09807477355312,"large",1.09314974437778,1.10299980272845
"IDO1","BIDMC_Tonsil_1","BIDMC_Tonsil_4",3.74041758545266,"large",3.73280237041225,3.74803280049308
"IDO1","BIDMC_Tonsil_2","BIDMC_Tonsil_4",3.98247262764516,"large",3.97454369671004,3.99040155858028
"IDO1","BIDMC_Tonsil_3","BIDMC_Tonsil_4",3.7436173109453,"large",3.73600818707083,3.75122643481978
"NAKATPase","BIDMC_Tonsil_1","BIDMC_Tonsil_4",2.66569134322967,"large",2.65937979335918,2.67200289310017
"NAKATPase","BIDMC_Tonsil_2","BIDMC_Tonsil_4",2.59041428963819,"large",2.58418858300264,2.59663999627373
"NAKATPase","BIDMC_Tonsil_3","BIDMC_Tonsil_4",2.43365612065259,"large",2.42760494124424,2.43970730006094
"PD1","BIDMC_Tonsil_1","BIDMC_Tonsil_4",1.7126467063734,"large",1.70727718488959,1.71801622785722
"PD1","BIDMC_Tonsil_2","BIDMC_Tonsil_4",1.79353343318924,"large",1.78809701954407,1.79896984683441
"PD1","BIDMC_Tonsil_3","BIDMC_Tonsil_4",1.58156049361904,"large",1.57630515362458,1.58681583361351
"Pax5","BIDMC_Tonsil_2","BIDMC_Tonsil_4",0.824129182214436,"large",0.81934708524979,0.828911279179082
"ToxTox2","BIDMC_Tonsil_1","BIDMC_Tonsil_4",0.97767587965119,"large",0.972816102907304,0.982535656395077
"ToxTox2","BIDMC_Tonsil_2","BIDMC_Tonsil_4",1.17241366502275,"large",1.1674436913577,1.1773836386878
"ToxTox2","BIDMC_Tonsil_3","BIDMC_Tonsil_4",0.881456941241299,"large",0.876652412244527,0.88626147023807
"pS6","BIDMC_Tonsil_1","BIDMC_Tonsil_4",0.887183281743375,"large",0.882369509188616,0.891997054298133
"pS6","BIDMC_Tonsil_2","BIDMC_Tonsil_4",1.17647446294978,"large",1.17150196152261,1.18144696437695
