"Staining_condition","CD3","CD45","CD15","CD8","CD11b","ToxTox2","CD20","CD11c","H3K27me3","Ki67","HLADRA","pS6","CD68","FoxP3","PD1","Pax5","H3K27ac","GranzymeB","CD31","IDO1","CD138","NAKATPase","CD45RA","Cytokeratin","Total_Z_Rank"
"BIDMC_Tonsil_1",1,1,1,1,1,1,1,1,1,1,1,1,2,1,1,1,1,1,1,1,1,1,1,1,25
"BIDMC_Tonsil_3",3,2,4,3,2,2,2,2,2,3,2,2,1,2,2,2,2,2,2,2,2,2,2,3,53
"BIDMC_Tonsil_2",2,3,3,2,3,3,3,3,3,2,3,4,3,3,3,3,3,3,3,3,3,3,3,4,71
"BIDMC_Tonsil_4",4,4,2,4,4,4,4,4,4,4,4,3,4,4,4,4,4,4,4,4,4,4,4,2,91
