"Staining_condition","Marker","CV","Is_Excluded"
"Stanford_Tonsil_1","PanCK",0.235691778125927,FALSE
"Stanford_Tonsil_1","CD68",0.145767286895933,FALSE
"Stanford_Tonsil_1","aSMA",0.396811416966849,FALSE
"Stanford_Tonsil_1","CD45RO",0.279969888135201,FALSE
"Stanford_Tonsil_1","CD45RA",0.295643418899657,FALSE
"Stanford_Tonsil_1","CD14",0.0821127071200948,FALSE
"Stanford_Tonsil_1","CD209",0.162834951421348,FALSE
"Stanford_Tonsil_1","CD16",0.163767545150598,FALSE
"Stanford_Tonsil_1","CD163",0.205615492028141,FALSE
"Stanford_Tonsil_1","pS6",0.242336997593665,FALSE
"Stanford_Tonsil_1","CD11b",0.135213146084385,FALSE
"Stanford_Tonsil_1","PDL1",0.163563776792294,FALSE
"Stanford_Tonsil_1","PD1",0.183109773671713,FALSE
"Stanford_Tonsil_1","pSTAT3",0.132352923439205,FALSE
"Stanford_Tonsil_1","CD4",0.135877631603407,FALSE
"Stanford_Tonsil_1","pMK2",0.244756702503008,FALSE
"Stanford_Tonsil_1","CD31",0.281990966439597,FALSE
"Stanford_Tonsil_1","CD20",0.149502096227172,FALSE
"Stanford_Tonsil_1","CD8a",0.134939791721787,FALSE
"Stanford_Tonsil_1","CD3",0.129384217973378,FALSE
"Stanford_Tonsil_1","GRZB",0.10264194664296,FALSE
"Stanford_Tonsil_1","Ki67",0.230621595896851,FALSE
"Stanford_Tonsil_1","Collagen1",0.20247783237885,FALSE
"Stanford_Tonsil_1","CD44",0.0985266661765297,FALSE
"Stanford_Tonsil_1","CD66a",0.262211862420229,FALSE
"Stanford_Tonsil_1","CD11c",0.156810953586946,FALSE
"Stanford_Tonsil_1","HLADR",0.258317999132306,FALSE
"Stanford_Tonsil_1","SOX9",0.201962989433044,FALSE
"Stanford_Tonsil_1","TenascinC",0.188318219659378,FALSE
"Stanford_Tonsil_1","CD15",0.17468385699623,FALSE
"Stanford_Tonsil_1","Podoplanin",0.0785386732799003,FALSE
"Stanford_Tonsil_2","PanCK",0.217553688940216,FALSE
"Stanford_Tonsil_2","CD68",0.157656211275956,FALSE
"Stanford_Tonsil_2","aSMA",0.258160516740475,FALSE
"Stanford_Tonsil_2","CD45RO",0.276763183834282,FALSE
"Stanford_Tonsil_2","CD45RA",0.220463255176623,FALSE
"Stanford_Tonsil_2","CD14",0.0755435557003115,FALSE
"Stanford_Tonsil_2","CD209",0.0937438609545203,FALSE
"Stanford_Tonsil_2","CD16",0.102422008097639,FALSE
"Stanford_Tonsil_2","CD163",0.119006883963588,FALSE
"Stanford_Tonsil_2","pS6",0.160842768133588,FALSE
"Stanford_Tonsil_2","CD11b",0.0804182937062236,FALSE
"Stanford_Tonsil_2","PDL1",0.108096061037019,FALSE
"Stanford_Tonsil_2","PD1",0.10110905302805,FALSE
"Stanford_Tonsil_2","pSTAT3",0.0847453249207138,FALSE
"Stanford_Tonsil_2","CD4",0.116291685069474,FALSE
"Stanford_Tonsil_2","pMK2",0.144871530157964,FALSE
"Stanford_Tonsil_2","CD31",0.194464572868272,FALSE
"Stanford_Tonsil_2","CD20",0.147141251395907,FALSE
"Stanford_Tonsil_2","CD8a",0.0897075898807671,FALSE
"Stanford_Tonsil_2","CD3",0.104049914936508,FALSE
"Stanford_Tonsil_2","GRZB",0.0760036763858295,FALSE
"Stanford_Tonsil_2","Ki67",0.153397572795799,FALSE
"Stanford_Tonsil_2","Collagen1",0.141095086054182,FALSE
"Stanford_Tonsil_2","CD44",0.0883827609278118,FALSE
"Stanford_Tonsil_2","CD66a",0.189430148451836,FALSE
"Stanford_Tonsil_2","CD11c",0.131868955157149,FALSE
"Stanford_Tonsil_2","HLADR",0.204325343896408,FALSE
"Stanford_Tonsil_2","SOX9",0.159355967816695,FALSE
"Stanford_Tonsil_2","TenascinC",0.162638363937907,FALSE
"Stanford_Tonsil_2","CD15",0.189984523991083,FALSE
"Stanford_Tonsil_2","Podoplanin",0.0883662377474487,FALSE
"Stanford_Tonsil_24","PanCK",0.173125153686884,FALSE
"Stanford_Tonsil_24","CD68",0.38312914554463,FALSE
"Stanford_Tonsil_24","aSMA",0.336841898176678,FALSE
"Stanford_Tonsil_24","CD45RO",0.319153393999405,FALSE
"Stanford_Tonsil_24","CD45RA",0.238938760078772,FALSE
"Stanford_Tonsil_24","CD14",0.108387317313229,FALSE
"Stanford_Tonsil_24","CD209",NA,TRUE
"Stanford_Tonsil_24","CD16",NA,TRUE
"Stanford_Tonsil_24","CD163",0.277480054905983,FALSE
"Stanford_Tonsil_24","pS6",0.350410558926179,FALSE
"Stanford_Tonsil_24","CD11b",0.207149435455951,FALSE
"Stanford_Tonsil_24","PDL1",0.20335800234063,FALSE
"Stanford_Tonsil_24","PD1",NA,TRUE
"Stanford_Tonsil_24","pSTAT3",NA,TRUE
"Stanford_Tonsil_24","CD4",NA,TRUE
"Stanford_Tonsil_24","pMK2",NA,TRUE
"Stanford_Tonsil_24","CD31",0.337709328550838,FALSE
"Stanford_Tonsil_24","CD20",0.224838790124789,FALSE
"Stanford_Tonsil_24","CD8a",0.20352334402998,FALSE
"Stanford_Tonsil_24","CD3",0.176347483744573,FALSE
"Stanford_Tonsil_24","GRZB",0.250183168191911,FALSE
"Stanford_Tonsil_24","Ki67",0.491802945179141,FALSE
"Stanford_Tonsil_24","Collagen1",0.31896339142691,FALSE
"Stanford_Tonsil_24","CD44",0.124300498264093,FALSE
"Stanford_Tonsil_24","CD66a",0.330072919213221,FALSE
"Stanford_Tonsil_24","CD11c",0.270835452471197,FALSE
"Stanford_Tonsil_24","HLADR",0.358950492481694,FALSE
"Stanford_Tonsil_24","SOX9",NA,TRUE
"Stanford_Tonsil_24","TenascinC",NA,TRUE
"Stanford_Tonsil_24","CD15",0.355343895633091,FALSE
"Stanford_Tonsil_24","Podoplanin",0.150878924859772,FALSE
"Stanford_Tonsil_3","PanCK",0.200924299848188,FALSE
"Stanford_Tonsil_3","CD68",0.14993391783925,FALSE
"Stanford_Tonsil_3","aSMA",0.211987972148026,FALSE
"Stanford_Tonsil_3","CD45RO",0.256323983078143,FALSE
"Stanford_Tonsil_3","CD45RA",0.235288530323988,FALSE
"Stanford_Tonsil_3","CD14",0.0959874229924289,FALSE
"Stanford_Tonsil_3","CD209",NA,TRUE
"Stanford_Tonsil_3","CD16",NA,TRUE
"Stanford_Tonsil_3","CD163",0.192750197544357,FALSE
"Stanford_Tonsil_3","pS6",0.243718511898191,FALSE
"Stanford_Tonsil_3","CD11b",0.147706344593345,FALSE
"Stanford_Tonsil_3","PDL1",0.172290149295185,FALSE
"Stanford_Tonsil_3","PD1",NA,TRUE
"Stanford_Tonsil_3","pSTAT3",NA,TRUE
"Stanford_Tonsil_3","CD4",0.170256917560146,FALSE
"Stanford_Tonsil_3","pMK2",NA,TRUE
"Stanford_Tonsil_3","CD31",0.257406697725213,FALSE
"Stanford_Tonsil_3","CD20",0.156710147482492,FALSE
"Stanford_Tonsil_3","CD8a",0.152034862030565,FALSE
"Stanford_Tonsil_3","CD3",0.17266401112162,FALSE
"Stanford_Tonsil_3","GRZB",0.139692116961484,FALSE
"Stanford_Tonsil_3","Ki67",0.270468313186726,FALSE
"Stanford_Tonsil_3","Collagen1",0.228289447771928,FALSE
"Stanford_Tonsil_3","CD44",0.0984596956404888,FALSE
"Stanford_Tonsil_3","CD66a",0.208705036931946,FALSE
"Stanford_Tonsil_3","CD11c",0.191170255182786,FALSE
"Stanford_Tonsil_3","HLADR",0.27375943679252,FALSE
"Stanford_Tonsil_3","SOX9",0.19023781408401,FALSE
"Stanford_Tonsil_3","TenascinC",NA,TRUE
"Stanford_Tonsil_3","CD15",0.208818572518961,FALSE
"Stanford_Tonsil_3","Podoplanin",0.0976427236320541,FALSE
