"Staining_condition","Vimentin","SMA","PD1","MastCellTryptase_MastCellChymase","Ki67","IDO","ICOS","HLADR","HLA1ABC","GranzymeB","FOXP3","CD68","CD45","CD31","CD20","CD14","CD11c","CD8","CD4","CD3e","Calprotectin","Total_Z_Rank"
"Stanford_MIBI_LymphNode_3",1,1,3,1,1,2,2,1,2,3,3,2,1,1,2,1,1,2,3,2,3,38
"Stanford_MIBI_LymphNode_2",3,2,1,2,3,1,3,3,3,1,1,1,3,2,3,3,2,1,2,1,1,42
"Stanford_MIBI_LymphNode_24",2,4,4,3,2,3,4,2,1,4,NA,4,2,4,1,2,4,4,4,4,4,62
"Stanford_MIBI_LymphNode_1",4,3,2,4,4,4,1,4,4,2,2,3,4,3,4,4,3,3,1,3,2,64
